"T7, 11/04/2026","13","26","29","38","49","53","07"
"T5, 09/04/2026","16","18","22","29","41","53","38"
"T3, 07/04/2026","01","13","23","31","44","53","32"
"T7, 04/04/2026","05","07","10","23","30","54","40"
"T5, 02/04/2026","09","21","32","34","52","53","22"
"T3, 31/03/2026","15","16","22","38","43","48","11"
"T7, 28/03/2026","07","13","21","30","33","42","39"
"T5, 26/03/2026","03","09","10","34","38","44","51"
"T3, 24/03/2026","12","19","25","26","32","45","03"
"T7, 21/03/2026","01","06","40","43","47","53","03"
"T5, 19/03/2026","07","09","17","31","34","36","55"
"T3, 17/03/2026","12","26","28","43","50","54","52"
"T7, 14/03/2026","07","16","27","29","47","52","26"
"T5, 12/03/2026","12","28","36","40","53","55","54"
"T3, 10/03/2026","03","26","31","39","47","54","20"
"T7, 07/03/2026","04","32","41","45","50","52","29"
"T5, 05/03/2026","14","16","35","38","43","51","37"
"T3, 03/03/2026","07","13","27","29","43","50","25"
"T7, 28/02/2026","22","25","31","44","51","54","36"
"T5, 26/02/2026","01","07","10","21","44","51","46"
"T3, 24/02/2026","05","08","18","30","39","54","51"
"T7, 21/02/2026","05","07","26","30","41","45","12"
"T5, 19/02/2026","01","27","30","43","45","46","48"
"T7, 14/02/2026","02","13","26","32","36","42","48"
"T5, 12/02/2026","08","17","19","31","32","46","26"
"T3, 10/02/2026","13","21","22","26","32","55","20"
"T7, 07/02/2026","03","05","13","15","29","46","01"
"T5, 05/02/2026","07","13","16","25","26","55","09"
"T3, 03/02/2026","12","15","18","22","48","53","45"
"T7, 31/01/2026","10","11","14","17","49","53","04"
"T5, 29/01/2026","11","15","22","32","34","54","28"
"T3, 27/01/2026","13","22","32","42","53","54","29"
"T7, 24/01/2026","14","24","25","30","35","53","18"
"T5, 22/01/2026","02","20","21","29","36","50","05"
"T3, 20/01/2026","04","20","26","28","37","41","32"
"T7, 17/01/2026","14","21","23","25","46","48","54"
"T5, 15/01/2026","13","21","31","34","48","55","27"
"T3, 13/01/2026","03","12","25","51","52","55","43"
"T7, 10/01/2026","09","16","30","33","34","38","49"
"T5, 08/01/2026","20","22","36","43","45","50","47"
"T3, 06/01/2026","22","28","29","30","34","47","20"
"T7, 03/01/2026","10","16","17","23","33","36","42"
"T5, 01/01/2026","05","16","29","33","39","42","54"
"T3, 30/12/2025","11","30","35","41","48","55","38"
"T7, 27/12/2025","16","21","30","37","39","40","13"
"T5, 25/12/2025","04","06","32","37","40","48","38"
"T3, 23/12/2025","02","10","16","25","32","38","03"
"T7, 20/12/2025","22","32","33","35","40","41","23"
"T5, 18/12/2025","12","14","29","30","39","55","50"
"T3, 16/12/2025","07","36","37","38","52","55","46"
"T7, 13/12/2025","05","08","12","18","20","38","52"
"T5, 11/12/2025","09","13","21","45","48","55","38"
"T3, 09/12/2025","14","21","26","27","31","43","42"
"T7, 06/12/2025","12","26","34","37","50","52","15"
"T5, 04/12/2025","10","29","32","33","44","53","14"
"T3, 02/12/2025","16","20","24","36","51","54","10"
"T7, 29/11/2025","04","20","24","27","40","48","09"
"T5, 27/11/2025","04","05","10","11","28","35","38"
"T3, 25/11/2025","23","31","32","42","46","48","04"
"T7, 22/11/2025","08","10","19","29","34","46","14"
"T5, 20/11/2025","03","12","19","20","31","42","13"
"T3, 18/11/2025","07","12","18","22","30","49","05"
"T7, 15/11/2025","02","30","33","35","42","54","45"
"T5, 13/11/2025","01","15","30","38","40","43","13"
"T3, 11/11/2025","11","20","28","41","47","54","31"
"T7, 08/11/2025","14","16","19","22","27","44","18"
"T5, 06/11/2025","16","20","29","33","36","49","06"
"T3, 04/11/2025","15","27","29","31","36","43","38"
"T7, 01/11/2025","07","11","28","29","31","33","08"
"T5, 30/10/2025","20","23","35","41","47","55","37"
"T3, 28/10/2025","06","08","10","22","25","54","09"
"T7, 25/10/2025","03","05","11","13","24","27","45"
"T5, 23/10/2025","08","10","21","48","49","50","40"
"T3, 21/10/2025","03","11","12","14","22","40","41"
"T7, 18/10/2025","05","16","19","21","38","43","50"
"T5, 16/10/2025","14","15","24","26","27","45","36"
"T3, 14/10/2025","08","09","16","26","37","55","12"
"T7, 11/10/2025","03","07","26","43","44","46","25"
"T5, 09/10/2025","07","11","21","22","39","42","40"
"T3, 07/10/2025","19","22","35","37","43","45","29"
"T7, 04/10/2025","22","33","35","36","38","40","07"
"T5, 02/10/2025","01","02","20","24","27","42","43"
"T3, 30/09/2025","17","23","34","39","46","52","08"
"T7, 27/09/2025","08","13","19","24","39","46","01"
"T5, 25/09/2025","05","17","30","31","38","53","08"
"T3, 23/09/2025","08","18","19","34","41","46","38"
"T7, 20/09/2025","08","13","14","19","36","43","30"
"T5, 18/09/2025","02","03","08","27","38","55","20"
"T3, 16/09/2025","17","19","28","39","43","53","33"
"T7, 13/09/2025","02","07","15","18","24","27","45"
"T5, 11/09/2025","06","16","46","49","51","55","42"
"T3, 09/09/2025","16","20","21","31","40","52","02"
"T7, 06/09/2025","09","11","19","22","34","43","31"
"T5, 04/09/2025","09","19","23","42","49","53","40"
"T3, 02/09/2025","09","16","22","25","30","51","43"
"T7, 30/08/2025","02","17","19","24","30","44","34"
"T5, 28/08/2025","06","13","28","30","35","52","50"
"T3, 26/08/2025","22","30","38","44","48","55","05"
"T7, 23/08/2025","01","09","26","34","44","50","52"
"T5, 21/08/2025","05","09","17","35","40","41","44"
"T3, 19/08/2025","01","14","31","34","36","47","45"
"T7, 16/08/2025","14","23","32","36","47","48","05"
"T5, 14/08/2025","06","10","17","18","32","35","53"
"T3, 12/08/2025","01","06","24","37","40","55","10"
"T7, 09/08/2025","05","09","16","36","43","51","19"
"T5, 07/08/2025","06","24","31","32","39","48","52"
"T3, 05/08/2025","08","41","45","51","52","53","31"
"T7, 02/08/2025","12","24","29","33","34","35","47"
"T5, 31/07/2025","05","17","31","42","46","49","37"
"T3, 29/07/2025","04","08","23","43","45","51","48"
"T7, 26/07/2025","05","26","28","29","33","54","34"
"T5, 24/07/2025","05","10","24","29","30","34","45"
"T3, 22/07/2025","09","10","15","28","33","44","22"
"T7, 19/07/2025","08","09","20","36","39","44","28"
"T5, 17/07/2025","13","18","33","40","48","53","54"
"T3, 15/07/2025","18","26","31","32","36","48","30"
"T7, 12/07/2025","02","34","39","41","45","52","51"
"T5, 10/07/2025","12","33","34","42","44","53","03"
"T3, 08/07/2025","23","24","32","42","48","50","31"
"T7, 05/07/2025","03","15","22","45","51","55","54"
"T5, 03/07/2025","18","19","29","31","45","54","27"
"T3, 01/07/2025","03","11","12","14","27","33","15"
"T7, 28/06/2025","08","11","13","20","45","50","25"
"T5, 26/06/2025","01","14","16","27","40","51","02"
"T3, 24/06/2025","03","09","18","20","30","53","48"
"T7, 21/06/2025","06","10","15","43","44","53","32"
"T5, 19/06/2025","03","05","09","10","16","47","34"
"T3, 17/06/2025","07","13","18","22","32","44","43"
"T7, 14/06/2025","11","12","22","26","41","47","24"
"T5, 12/06/2025","06","08","16","18","34","44","17"
"T3, 10/06/2025","03","06","21","29","40","41","37"
"T7, 07/06/2025","12","17","21","46","48","52","45"
"T5, 05/06/2025","14","21","33","37","46","49","34"
"T3, 03/06/2025","02","11","14","16","27","38","51"
"T7, 31/05/2025","06","24","41","45","49","55","08"
"T5, 29/05/2025","09","37","42","45","46","50","14"
"T3, 27/05/2025","04","12","18","19","44","48","42"
"T7, 24/05/2025","19","20","27","30","45","55","15"
"T5, 22/05/2025","03","09","14","41","47","55","22"
"T3, 20/05/2025","19","27","44","45","47","52","15"
"T7, 17/05/2025","02","07","26","29","41","50","43"
"T5, 15/05/2025","06","09","13","44","49","54","47"
"T3, 13/05/2025","03","07","24","39","54","55","42"
"T7, 10/05/2025","07","16","19","28","34","51","15"
"T5, 08/05/2025","08","14","29","37","39","50","21"
"T3, 06/05/2025","12","16","25","28","30","39","05"
"T7, 03/05/2025","15","19","21","26","42","47","38"
"T5, 01/05/2025","03","17","19","41","45","50","43"
"T3, 29/04/2025","14","15","18","23","28","33","29"
"T7, 26/04/2025","03","15","16","31","48","52","21"
"T5, 24/04/2025","01","02","15","39","40","47","24"
"T3, 22/04/2025","10","25","37","40","41","48","32"
"T7, 19/04/2025","05","11","15","32","42","49","43"
"T5, 17/04/2025","01","17","20","38","41","52","14"
"T3, 15/04/2025","08","23","24","27","42","49","20"
"T7, 12/04/2025","03","14","19","37","42","55","23"
"T5, 10/04/2025","10","13","36","37","40","43","41"
"T3, 08/04/2025","03","07","34","41","43","53","31"
"T7, 05/04/2025","13","23","29","32","41","42","09"
"T5, 03/04/2025","24","26","34","42","50","51","30"
"T3, 01/04/2025","14","15","29","33","39","47","04"
"T7, 29/03/2025","14","19","21","24","26","48","39"
"T5, 27/03/2025","13","25","32","36","41","53","29"
"T3, 25/03/2025","14","23","29","30","35","40","17"
"T7, 22/03/2025","02","23","42","50","52","54","44"
"T5, 20/03/2025","11","13","24","28","36","41","37"
"T3, 18/03/2025","02","08","29","30","50","55","27"
"T7, 15/03/2025","01","34","39","40","42","50","25"
"T5, 13/03/2025","07","13","21","43","52","53","17"
"T3, 11/03/2025","01","16","18","30","31","44","34"
"T7, 08/03/2025","10","38","41","43","45","48","08"
"T5, 06/03/2025","05","10","21","26","43","51","15"
"T3, 04/03/2025","05","14","27","43","45","53","47"
"T7, 01/03/2025","15","17","34","37","39","45","41"
"T5, 27/02/2025","05","09","21","31","43","53","11"
"T3, 25/02/2025","01","07","11","24","29","30","48"
"T7, 22/02/2025","01","02","07","22","23","46","50"
"T5, 20/02/2025","13","17","20","27","36","54","47"
"T3, 18/02/2025","12","13","30","38","40","47","42"
"T7, 15/02/2025","22","37","38","47","51","55","31"
"T5, 13/02/2025","02","08","23","26","42","47","07"
"T3, 11/02/2025","01","09","18","21","35","40","44"
"T7, 08/02/2025","11","22","28","44","48","49","23"
"T5, 06/02/2025","01","11","31","43","48","54","19"
"T3, 04/02/2025","07","17","29","51","52","55","41"
"T7, 01/02/2025","01","20","34","38","45","47","49"
"T5, 30/01/2025","05","08","24","28","34","52","39"
"T7, 25/01/2025","14","21","40","42","48","51","19"
"T5, 23/01/2025","11","18","22","49","50","51","37"
"T3, 21/01/2025","11","18","22","28","51","52","53"
"T7, 18/01/2025","01","03","26","31","37","41","51"
"T5, 16/01/2025","08","16","34","37","47","50","23"
"T3, 14/01/2025","03","11","12","24","33","40","46"
"T7, 11/01/2025","10","25","26","29","37","46","14"
"T5, 09/01/2025","18","21","31","39","50","53","13"
"T3, 07/01/2025","04","05","09","16","22","39","30"
"T7, 04/01/2025","04","10","30","36","40","53","51"
"T5, 02/01/2025","04","10","18","22","41","45","50"
"T3, 31/12/2024","08","13","29","36","42","43","28"
"T7, 28/12/2024","06","19","36","42","53","55","39"
"T5, 26/12/2024","06","18","33","38","41","48","16"
"T3, 24/12/2024","17","20","27","32","44","51","33"
"T7, 21/12/2024","04","16","29","30","35","51","48"
"T5, 19/12/2024","13","16","32","39","49","51","11"
"T3, 17/12/2024","02","14","27","30","53","54","16"
"T7, 14/12/2024","03","10","19","20","21","24","07"
"T5, 12/12/2024","01","09","12","18","37","44","11"
"T3, 10/12/2024","11","15","26","45","52","55","36"
"T7, 07/12/2024","16","17","22","24","29","37","54"
"T5, 05/12/2024","16","21","29","41","42","47","09"
"T3, 03/12/2024","10","19","33","39","47","54","16"
"T7, 30/11/2024","01","20","24","26","38","41","36"
"T5, 28/11/2024","01","16","24","28","38","53","09"
"T3, 26/11/2024","08","11","16","32","40","43","12"
"T7, 23/11/2024","04","12","25","39","48","51","45"
"T5, 21/11/2024","15","22","31","40","42","51","26"
"T3, 19/11/2024","06","10","17","34","41","48","31"
"T7, 16/11/2024","16","22","33","37","39","51","54"
"T5, 14/11/2024","12","25","37","40","49","52","31"
"T3, 12/11/2024","01","21","29","35","41","45","20"
"T7, 09/11/2024","11","14","24","26","34","51","40"
"T5, 07/11/2024","06","09","33","39","50","51","43"
"T3, 05/11/2024","09","31","36","46","49","54","07"
"T7, 02/11/2024","02","09","19","20","34","54","26"
"T5, 31/10/2024","05","16","20","29","30","31","39"
"T3, 29/10/2024","14","17","19","28","47","51","55"
"T7, 26/10/2024","05","19","27","29","42","47","40"
"T5, 24/10/2024","05","17","31","39","46","53","03"
"T3, 22/10/2024","15","21","23","26","31","43","35"
"T7, 19/10/2024","09","22","31","39","43","51","19"
"T5, 17/10/2024","11","14","15","26","38","41","25"
"T3, 15/10/2024","04","25","41","42","46","52","33"
"T7, 12/10/2024","29","34","35","38","50","51","37"
"T5, 10/10/2024","04","05","06","29","32","44","53"
"T3, 08/10/2024","03","07","14","17","48","50","40"
"T7, 05/10/2024","02","10","17","27","50","52","18"
"T5, 03/10/2024","18","21","34","40","42","53","25"
"T3, 01/10/2024","03","18","22","41","43","44","12"
"T7, 28/09/2024","02","11","13","32","41","48","15"
"T5, 26/09/2024","03","18","29","39","41","49","46"
"T3, 24/09/2024","01","06","11","17","24","31","43"
"T7, 21/09/2024","03","08","09","22","26","55","11"
"T5, 19/09/2024","04","09","22","24","45","54","48"
"T3, 17/09/2024","14","32","34","41","47","54","48"
"T7, 14/09/2024","02","12","25","32","51","54","34"
"T5, 12/09/2024","03","08","31","36","39","47","38"
"T3, 10/09/2024","15","23","37","38","45","49","30"
"T7, 07/09/2024","05","11","20","39","46","53","37"
"T5, 05/09/2024","15","20","23","29","34","46","01"
"T3, 03/09/2024","08","10","11","14","38","48","41"
"T7, 31/08/2024","24","33","38","40","42","51","28"
"T5, 29/08/2024","08","11","21","29","38","55","12"
"T3, 27/08/2024","05","06","29","31","37","48","02"
"T7, 24/08/2024","02","17","20","21","22","23","38"
"T5, 22/08/2024","11","18","20","32","41","46","33"
"T3, 20/08/2024","05","24","26","27","29","54","06"
"T7, 17/08/2024","04","28","35","38","39","45","05"
"T5, 15/08/2024","08","16","20","30","34","43","46"
"T3, 13/08/2024","09","26","40","44","45","50","27"
"T7, 10/08/2024","10","23","32","37","48","55","14"
"T5, 08/08/2024","01","07","42","43","48","51","29"
"T3, 06/08/2024","22","34","44","46","54","55","14"
"T7, 03/08/2024","07","20","34","36","41","46","16"
"T5, 01/08/2024","09","17","21","48","53","55","29"
"T3, 30/07/2024","02","06","22","23","38","51","32"
"T7, 27/07/2024","18","23","25","37","39","40","35"
"T5, 25/07/2024","12","17","21","25","33","40","39"
"T3, 23/07/2024","34","39","40","42","54","55","30"
"T7, 20/07/2024","12","18","32","40","51","53","28"
"T5, 18/07/2024","10","13","28","35","40","42","02"
"T3, 16/07/2024","20","31","34","36","47","52","02"
"T7, 13/07/2024","02","12","13","33","44","52","34"
"T5, 11/07/2024","01","02","11","21","22","23","26"
"T3, 09/07/2024","06","08","09","28","33","53","10"
"T7, 06/07/2024","08","10","12","22","25","55","52"
"T5, 04/07/2024","10","19","20","29","34","41","08"
"T3, 02/07/2024","07","08","50","52","53","54","02"
"T7, 29/06/2024","11","15","32","34","46","48","47"
"T5, 27/06/2024","07","21","22","41","43","46","32"
"T3, 25/06/2024","01","05","09","13","18","27","08"
"T7, 22/06/2024","17","25","31","35","41","42","36"
"T5, 20/06/2024","01","10","29","34","43","55","49"
"T3, 18/06/2024","20","23","27","36","38","44","52"
"T7, 15/06/2024","05","10","14","20","26","51","36"
"T5, 13/06/2024","08","39","45","47","49","51","16"
"T3, 11/06/2024","13","16","21","30","32","39","53"
"T7, 08/06/2024","13","16","32","33","35","43","42"
"T5, 06/06/2024","18","26","38","39","47","51","55"
"T3, 04/06/2024","01","02","07","10","13","19","24"
"T7, 01/06/2024","06","24","30","31","47","49","01"
"T5, 30/05/2024","04","07","08","12","23","31","45"
"T3, 28/05/2024","01","25","29","37","40","54","50"
"T7, 25/05/2024","15","22","38","39","43","53","20"
"T5, 23/05/2024","08","12","42","47","51","52","36"
"T3, 21/05/2024","01","02","14","32","33","41","04"
"T7, 18/05/2024","12","18","20","25","27","52","44"
"T5, 16/05/2024","20","25","27","39","45","55","44"
"T3, 14/05/2024","05","17","36","40","46","50","01"
"T7, 11/05/2024","19","23","25","43","46","54","42"
"T5, 09/05/2024","03","16","21","36","37","40","31"
"T3, 07/05/2024","21","26","35","41","44","52","13"
"T7, 04/05/2024","05","27","35","45","49","55","18"
"T5, 02/05/2024","30","32","33","36","42","48","18"
"T3, 30/04/2024","13","16","26","46","49","54","08"
"T7, 27/04/2024","07","12","38","43","48","55","08"
"T5, 25/04/2024","13","19","27","38","41","54","46"
"T3, 23/04/2024","01","34","39","40","49","53","09"
"T7, 20/04/2024","02","06","35","43","45","47","14"
"T5, 18/04/2024","01","21","23","33","43","54","28"
"T3, 16/04/2024","03","05","32","40","46","50","37"
"T7, 13/04/2024","29","36","37","38","40","42","46"
"T5, 11/04/2024","03","06","15","25","33","43","55"
"T3, 09/04/2024","04","12","27","44","46","51","22"
"T7, 06/04/2024","09","13","20","30","39","54","23"
"T5, 04/04/2024","03","08","12","25","47","48","15"
"T3, 02/04/2024","01","12","18","20","51","52","37"
"T7, 30/03/2024","14","17","27","38","54","55","23"
"T5, 28/03/2024","01","07","18","26","38","49","21"
"T3, 26/03/2024","01","08","13","16","38","44","47"
"T7, 23/03/2024","03","10","13","30","40","52","04"
"T5, 21/03/2024","12","13","41","48","49","53","43"
"T3, 19/03/2024","06","25","39","45","46","55","26"
"T7, 16/03/2024","08","36","42","43","44","55","54"
"T5, 14/03/2024","21","25","26","29","41","51","39"
"T3, 12/03/2024","11","14","18","20","22","43","16"
"T7, 09/03/2024","11","13","22","36","46","49","37"
"T5, 07/03/2024","13","20","33","47","53","54","19"
"T3, 05/03/2024","12","19","21","23","28","54","31"
"T7, 02/03/2024","01","19","21","31","50","55","37"
"T5, 29/02/2024","04","11","20","38","52","53","33"
"T3, 27/02/2024","01","04","06","08","24","35","53"
"T7, 24/02/2024","01","03","22","27","38","40","26"
"T5, 22/02/2024","08","19","24","31","35","55","01"
"T3, 20/02/2024","34","46","50","51","52","55","05"
"T7, 17/02/2024","08","12","17","27","38","55","47"
"T5, 15/02/2024","03","07","08","18","21","26","19"
"T3, 13/02/2024","08","17","22","31","34","49","18"
"T5, 08/02/2024","22","31","35","36","38","42","11"
"T3, 06/02/2024","08","19","27","34","46","51","24"
"T7, 03/02/2024","04","06","07","13","18","26","49"
"T5, 01/02/2024","02","07","10","22","32","40","39"
"T3, 30/01/2024","03","10","13","40","49","52","09"
"T7, 27/01/2024","06","12","38","41","46","55","13"
"T5, 25/01/2024","13","17","35","38","42","48","07"
"T3, 23/01/2024","13","27","32","48","49","51","23"
"T7, 20/01/2024","06","25","29","34","49","54","38"
"T5, 18/01/2024","12","20","33","38","40","52","35"
"T3, 16/01/2024","09","14","18","20","27","43","42"
"T7, 13/01/2024","01","05","07","23","35","42","21"
"T5, 11/01/2024","02","23","32","44","51","52","28"
"T3, 09/01/2024","16","32","45","50","52","53","54"
"T7, 06/01/2024","15","17","21","24","34","46","11"
"T5, 04/01/2024","07","34","37","43","52","54","28"
"T3, 02/01/2024","02","05","18","31","37","45","20"
"T7, 30/12/2023","09","17","29","32","38","52","02"
"T5, 28/12/2023","20","28","30","40","45","52","32"
"T3, 26/12/2023","10","14","17","27","29","40","25"
"T7, 23/12/2023","22","32","39","46","48","49","43"
"T5, 21/12/2023","09","31","39","41","47","48","03"
"T3, 19/12/2023","11","14","15","24","34","53","18"
"T7, 16/12/2023","13","15","21","26","34","35","45"
"T5, 14/12/2023","01","12","23","43","48","52","30"
"T3, 12/12/2023","06","07","16","21","34","50","31"
"T7, 09/12/2023","06","09","26","27","34","47","41"
"T5, 07/12/2023","09","13","28","33","50","53","47"
"T3, 05/12/2023","02","04","19","32","35","39","49"
"T7, 02/12/2023","01","10","20","37","48","51","54"
"T5, 30/11/2023","09","13","21","28","50","54","51"
"T3, 28/11/2023","10","24","47","48","52","55","28"
"T7, 25/11/2023","07","09","10","17","25","53","49"
"T5, 23/11/2023","04","06","26","33","52","55","15"
"T3, 21/11/2023","03","07","16","37","39","51","09"
"T7, 18/11/2023","01","07","10","14","28","29","02"
"T5, 16/11/2023","03","05","10","18","44","49","28"
"T3, 14/11/2023","04","09","12","15","22","38","40"
"T7, 11/11/2023","02","03","04","19","41","42","23"
"T5, 09/11/2023","08","17","24","34","39","48","44"
"T3, 07/11/2023","12","18","20","28","35","52","25"
"T7, 04/11/2023","14","35","37","47","48","50","43"
"T5, 02/11/2023","09","15","17","21","26","36","13"
"T3, 31/10/2023","10","16","17","28","37","42","43"
"T7, 28/10/2023","11","14","25","44","46","47","10"
"T5, 26/10/2023","14","22","32","37","43","48","42"
"T3, 24/10/2023","12","20","26","33","40","44","24"
"T7, 21/10/2023","11","16","24","34","47","52","15"
"T5, 19/10/2023","01","23","29","37","51","55","54"
"T3, 17/10/2023","13","22","33","41","46","47","09"
"T7, 14/10/2023","08","23","30","34","38","47","10"
"T5, 12/10/2023","05","08","09","20","36","50","35"
"T3, 10/10/2023","06","23","26","37","44","46","33"
"T7, 07/10/2023","04","13","36","40","43","52","34"
"T5, 05/10/2023","01","21","33","46","47","53","09"
"T3, 03/10/2023","03","15","27","29","37","48","55"
"T7, 30/09/2023","03","13","19","30","38","44","51"
"T5, 28/09/2023","04","23","36","45","47","50","22"
"T3, 26/09/2023","14","20","24","27","41","44","23"
"T7, 23/09/2023","20","27","36","43","45","47","35"
"T5, 21/09/2023","16","26","33","34","41","43","53"
"T3, 19/09/2023","17","29","35","40","51","52","23"
"T7, 16/09/2023","25","27","42","51","54","55","45"
"T5, 14/09/2023","06","10","20","22","50","52","34"
"T3, 12/09/2023","26","31","32","39","45","55","28"
"T7, 09/09/2023","13","20","32","37","43","49","40"
"T5, 07/09/2023","01","04","36","42","45","54","32"
"T3, 05/09/2023","02","06","19","29","34","48","39"
"T7, 02/09/2023","12","15","32","44","46","51","48"
"T5, 31/08/2023","23","33","37","43","45","46","29"
"T3, 29/08/2023","01","08","20","25","35","53","54"
"T7, 26/08/2023","05","08","24","38","50","51","47"
"T5, 24/08/2023","01","10","20","41","42","50","39"
"T3, 22/08/2023","02","03","06","34","35","36","31"
"T7, 19/08/2023","07","09","13","22","27","42","23"
"T5, 17/08/2023","01","05","25","32","51","52","54"
"T3, 15/08/2023","05","12","25","39","40","53","52"
"T7, 12/08/2023","13","24","39","43","45","52","08"
"T5, 10/08/2023","04","14","31","42","47","49","43"
"T3, 08/08/2023","05","06","19","20","40","45","47"
"T7, 05/08/2023","22","34","40","47","49","51","44"
"T5, 03/08/2023","03","12","22","25","37","39","07"
"T3, 01/08/2023","04","18","22","25","33","48","02"
"T7, 29/07/2023","16","23","25","26","29","40","32"
"T5, 27/07/2023","03","11","13","31","33","45","27"
"T3, 25/07/2023","12","23","42","44","51","52","03"
"T7, 22/07/2023","09","15","23","25","27","34","41"
"T5, 20/07/2023","05","34","36","38","47","50","26"
"T3, 18/07/2023","10","11","19","28","42","47","16"
"T7, 15/07/2023","02","16","31","37","38","48","36"
"T5, 13/07/2023","03","04","30","34","36","49","08"
"T3, 11/07/2023","24","40","44","46","47","49","05"
"T7, 08/07/2023","08","11","23","43","44","48","41"
"T5, 06/07/2023","07","12","29","39","46","55","01"
"T3, 04/07/2023","04","13","14","23","33","50","41"
"T7, 01/07/2023","13","33","36","38","45","50","25"
"T5, 29/06/2023","01","11","12","28","46","54","40"
"T3, 27/06/2023","02","12","15","16","27","28","47"
"T7, 24/06/2023","08","09","16","20","50","53","03"
"T5, 22/06/2023","02","11","14","35","43","51","55"
"T3, 20/06/2023","07","23","26","31","35","53","32"
"T7, 17/06/2023","07","13","23","34","38","40","55"
"T5, 15/06/2023","10","11","25","39","46","55","40"
"T3, 13/06/2023","04","14","18","27","47","50","33"
"T7, 10/06/2023","10","17","27","32","35","41","54"
"T5, 08/06/2023","03","36","38","43","51","53","02"
"T3, 06/06/2023","01","14","23","27","44","50","43"
"T7, 03/06/2023","23","28","29","36","38","41","07"
"T5, 01/06/2023","03","18","40","41","46","47","36"
"T3, 30/05/2023","01","14","24","28","40","46","34"
"T7, 27/05/2023","04","06","08","18","39","43","28"
"T5, 25/05/2023","15","16","19","31","33","46","07"
"T3, 23/05/2023","26","27","35","36","47","54","40"
"T7, 20/05/2023","01","14","21","36","48","53","44"
"T5, 18/05/2023","13","14","21","23","30","41","49"
"T3, 16/05/2023","19","24","30","34","40","44","51"
"T7, 13/05/2023","22","24","35","43","45","54","50"
"T5, 11/05/2023","01","03","19","33","34","51","17"
"T3, 09/05/2023","07","09","13","22","44","47","39"
"T7, 06/05/2023","01","11","22","28","34","42","10"
"T5, 04/05/2023","13","30","32","35","45","52","29"
"T3, 02/05/2023","04","11","18","25","33","45","21"
"T7, 29/04/2023","02","09","12","24","41","53","35"
"T5, 27/04/2023","08","28","38","39","41","45","54"
"T3, 25/04/2023","06","10","19","23","25","28","45"
"T7, 22/04/2023","09","18","23","24","48","52","10"
"T5, 20/04/2023","07","11","32","35","42","51","46"
"T3, 18/04/2023","17","18","30","40","51","55","50"
"T7, 15/04/2023","01","34","35","36","42","43","05"
"T5, 13/04/2023","22","26","28","37","39","48","15"
"T3, 11/04/2023","10","14","16","18","37","49","54"
"T7, 08/04/2023","17","33","36","46","50","52","40"
"T5, 06/04/2023","07","10","12","33","52","54","16"
"T3, 04/04/2023","13","28","41","42","47","51","09"
"T7, 01/04/2023","12","34","39","44","49","55","14"
"T5, 30/03/2023","06","11","14","21","30","32","22"
"T3, 28/03/2023","06","21","24","41","50","53","13"
"T7, 25/03/2023","17","18","28","40","49","54","16"
"T5, 23/03/2023","04","07","22","33","40","49","39"
"T3, 21/03/2023","07","17","31","43","45","49","52"
"T7, 18/03/2023","18","24","32","33","51","53","36"
"T5, 16/03/2023","06","23","34","48","50","55","02"
"T3, 14/03/2023","14","15","18","20","27","35","31"
"T7, 11/03/2023","13","23","25","30","35","44","08"
"T5, 09/03/2023","12","22","28","34","53","54","40"
"T3, 07/03/2023","08","22","25","27","39","50","28"
"T7, 04/03/2023","09","13","23","36","38","54","21"
"T5, 02/03/2023","01","03","23","24","43","48","31"
"T3, 28/02/2023","02","13","14","30","43","55","22"
"T7, 25/02/2023","01","02","14","21","38","51","50"
"T5, 23/02/2023","12","16","29","31","39","48","40"
"T3, 21/02/2023","04","12","15","21","30","44","05"
"T7, 18/02/2023","11","23","26","29","43","50","05"
"T5, 16/02/2023","01","05","07","08","20","22","33"
"T3, 14/02/2023","01","09","33","37","43","45","23"
"T7, 11/02/2023","04","13","45","48","52","54","05"
"T5, 09/02/2023","01","10","29","30","49","50","09"
"T3, 07/02/2023","06","27","29","32","39","52","09"
"T7, 04/02/2023","02","06","08","27","41","46","20"
"T5, 02/02/2023","03","10","23","29","34","53","11"
"T3, 31/01/2023","10","11","31","32","38","52","05"
"T7, 28/01/2023","09","22","23","29","38","47","33"
"T5, 26/01/2023","08","15","18","20","33","41","14"
"T3, 24/01/2023","03","05","10","12","29","30","09"
"T5, 19/01/2023","03","21","32","33","38","52","30"
"T3, 17/01/2023","01","09","20","36","44","50","40"
"T7, 14/01/2023","05","17","24","30","43","53","26"
"T5, 12/01/2023","05","14","37","45","47","55","25"
"T3, 10/01/2023","05","12","14","19","46","51","36"
"T7, 07/01/2023","03","04","09","15","33","54","16"
"T5, 05/01/2023","05","12","34","37","47","49","28"
"T3, 03/01/2023","09","13","24","43","47","48","18"
"T7, 31/12/2022","10","15","36","42","45","52","20"
"T5, 29/12/2022","06","08","33","37","38","51","48"
"T3, 27/12/2022","11","12","13","14","23","55","27"
"T7, 24/12/2022","05","19","22","23","30","44","52"
"T5, 22/12/2022","14","26","35","43","45","48","03"
"T3, 20/12/2022","02","06","09","20","31","35","42"
"T7, 17/12/2022","01","02","29","34","41","42","09"
"T5, 15/12/2022","02","25","38","50","51","55","21"
"T3, 13/12/2022","10","22","31","37","41","52","20"
"T7, 10/12/2022","02","12","13","18","33","44","31"
"T5, 08/12/2022","06","30","36","41","49","55","20"
"T3, 06/12/2022","01","11","25","44","45","46","35"
"T7, 03/12/2022","16","17","27","48","52","53","24"
"T5, 01/12/2022","11","14","29","31","52","54","07"
"T3, 29/11/2022","02","13","16","18","41","42","19"
"T7, 26/11/2022","08","23","24","48","49","52","01"
"T5, 24/11/2022","04","06","18","27","52","53","10"
"T3, 22/11/2022","03","09","21","22","26","35","15"
"T7, 19/11/2022","03","15","22","39","46","48","43"
"T5, 17/11/2022","01","19","25","27","38","42","54"
"T3, 15/11/2022","04","20","26","36","47","51","33"
"T7, 12/11/2022","08","18","23","30","35","42","43"
"T5, 10/11/2022","08","11","14","27","38","45","21"
"T3, 08/11/2022","12","27","33","44","48","50","18"
"T7, 05/11/2022","10","19","22","25","47","53","52"
"T5, 03/11/2022","08","13","24","28","29","33","49"
"T3, 01/11/2022","03","09","20","23","31","54","55"
"T7, 29/10/2022","01","03","10","13","15","20","32"
"T5, 27/10/2022","01","07","10","17","19","30","53"
"T3, 25/10/2022","08","18","20","22","42","46","01"
"T7, 22/10/2022","17","19","35","42","51","52","34"
"T5, 20/10/2022","15","21","27","34","37","53","29"
"T3, 18/10/2022","06","30","36","39","44","46","49"
"T7, 15/10/2022","08","15","16","39","45","51","23"
"T5, 13/10/2022","12","13","43","48","51","52","15"
"T3, 11/10/2022","11","26","34","40","46","52","01"
"T7, 08/10/2022","11","17","23","34","41","51","40"
"T5, 06/10/2022","06","08","19","20","47","53","07"
"T3, 04/10/2022","05","11","12","22","43","45","42"
"T7, 01/10/2022","14","15","16","22","23","29","20"
"T5, 29/09/2022","15","32","33","37","42","54","28"
"T3, 27/09/2022","11","13","23","27","37","43","34"
"T7, 24/09/2022","01","04","05","17","42","47","09"
"T5, 22/09/2022","12","14","19","29","44","47","26"
"T3, 20/09/2022","08","27","32","43","53","54","45"
"T7, 17/09/2022","05","08","19","34","40","49","39"
"T5, 15/09/2022","03","08","19","30","41","52","09"
"T3, 13/09/2022","09","10","21","40","41","48","54"
"T7, 10/09/2022","02","08","15","19","35","38","14"
"T5, 08/09/2022","09","13","23","32","36","52","43"
"T3, 06/09/2022","01","05","27","43","52","54","15"
"T7, 03/09/2022","11","22","31","33","40","46","41"
"T5, 01/09/2022","04","14","18","39","50","53","31"
"T3, 30/08/2022","02","13","19","29","30","32","16"
"T7, 27/08/2022","01","05","07","10","25","48","36"
"T5, 25/08/2022","19","30","35","40","49","53","42"
"T3, 23/08/2022","13","21","31","41","44","45","27"
"T7, 20/08/2022","06","16","29","32","42","51","43"
"T5, 18/08/2022","23","27","31","37","38","42","26"
"T3, 16/08/2022","17","18","28","47","50","53","11"
"T7, 13/08/2022","19","28","29","30","33","36","14"
"T5, 11/08/2022","01","12","21","34","48","55","50"
"T3, 09/08/2022","09","10","36","41","51","55","52"
"T7, 06/08/2022","06","21","27","41","51","53","43"
"T5, 04/08/2022","08","09","20","41","48","54","02"
"T3, 02/08/2022","02","05","28","40","47","48","31"
"T7, 30/07/2022","01","04","24","35","44","47","17"
"T5, 28/07/2022","05","06","17","28","29","39","34"
"T3, 26/07/2022","05","08","09","13","14","47","53"
"T7, 23/07/2022","27","28","29","39","40","54","13"
"T5, 21/07/2022","02","20","33","45","51","55","01"
"T3, 19/07/2022","08","09","33","34","35","52","36"
"T7, 16/07/2022","06","13","18","27","34","46","33"
"T5, 14/07/2022","11","25","29","37","39","52","45"
"T3, 12/07/2022","12","13","24","25","39","41","09"
"T7, 09/07/2022","05","21","24","47","52","55","20"
"T5, 07/07/2022","18","24","32","43","48","55","15"
"T3, 05/07/2022","05","07","12","26","29","44","38"
"T7, 02/07/2022","06","26","39","40","46","47","02"
"T5, 30/06/2022","05","11","15","19","29","31","35"
"T3, 28/06/2022","05","22","30","32","38","55","33"
"T7, 25/06/2022","14","17","31","35","37","40","28"
"T5, 23/06/2022","10","22","23","34","46","54","27"
"T3, 21/06/2022","09","13","19","21","34","51","35"
"T7, 18/06/2022","06","27","43","44","45","47","33"
"T5, 16/06/2022","09","13","21","40","51","54","04"
"T3, 14/06/2022","02","15","26","32","35","36","16"
"T7, 11/06/2022","10","18","23","25","45","47","38"
"T5, 09/06/2022","30","31","35","43","48","50","22"
"T3, 07/06/2022","16","17","21","28","39","50","19"
"T7, 04/06/2022","03","17","27","30","34","49","25"
"T5, 02/06/2022","07","11","28","30","33","50","49"
"T3, 31/05/2022","04","10","15","16","47","51","23"
"T7, 28/05/2022","33","36","38","42","43","46","03"
"T5, 26/05/2022","04","30","32","39","41","53","42"
"T3, 24/05/2022","18","31","32","46","50","52","28"
"T7, 21/05/2022","19","32","38","40","45","48","02"
"T5, 19/05/2022","03","06","31","40","47","54","08"
"T3, 17/05/2022","11","17","25","29","45","48","53"
"T7, 14/05/2022","02","28","30","43","44","55","22"
"T5, 12/05/2022","09","18","24","43","44","50","15"
"T3, 10/05/2022","12","18","41","43","47","51","10"
"T7, 07/05/2022","15","32","33","36","43","46","31"
"T5, 05/05/2022","27","29","33","39","47","53","55"
"T3, 03/05/2022","01","22","38","48","49","53","42"
"T7, 30/04/2022","11","23","51","52","53","54","27"
"T5, 28/04/2022","08","24","25","32","37","44","03"
"T3, 26/04/2022","14","22","24","25","43","49","17"
"T7, 23/04/2022","03","27","36","41","49","55","18"
"T5, 21/04/2022","21","24","27","34","38","42","46"
"T3, 19/04/2022","02","07","13","28","29","34","39"
"T7, 16/04/2022","04","08","39","41","53","55","52"
"T5, 14/04/2022","01","05","09","34","37","45","52"
"T3, 12/04/2022","11","18","20","22","25","40","05"
"T7, 09/04/2022","02","03","19","28","42","45","12"
"T5, 07/04/2022","06","14","15","25","29","32","41"
"T3, 05/04/2022","05","18","26","36","43","44","45"
"T7, 02/04/2022","32","38","42","44","47","55","46"
"T5, 31/03/2022","05","24","34","39","42","49","16"
"T3, 29/03/2022","05","11","32","35","40","52","31"
"T7, 26/03/2022","01","06","16","30","34","55","29"
"T5, 24/03/2022","05","09","16","35","45","46","44"
"T3, 22/03/2022","01","14","18","28","47","49","22"
"T7, 19/03/2022","08","20","24","37","51","55","27"
"T5, 17/03/2022","01","06","12","21","37","49","53"
"T3, 15/03/2022","06","14","24","28","33","52","50"
"T7, 12/03/2022","12","16","18","26","30","45","36"
"T5, 10/03/2022","01","03","08","16","19","36","41"
"T3, 08/03/2022","03","23","25","39","47","48","55"
"T7, 05/03/2022","05","12","15","25","43","48","01"
"T5, 03/03/2022","04","10","16","25","26","43","52"
"T3, 01/03/2022","15","19","25","42","51","53","02"
"T7, 26/02/2022","05","08","30","36","49","51","18"
"T5, 24/02/2022","02","15","25","30","31","32","13"
"T3, 22/02/2022","09","16","19","23","25","39","04"
"T7, 19/02/2022","01","11","14","33","46","48","40"
"T5, 17/02/2022","05","24","40","42","46","54","03"
"T3, 15/02/2022","05","07","14","24","29","36","46"
"T7, 12/02/2022","04","08","12","42","44","51","41"
"T5, 10/02/2022","03","15","26","35","43","52","07"
"T3, 08/02/2022","12","15","21","28","32","40","43"
"T7, 05/02/2022","01","17","23","29","44","45","37"
"T5, 03/02/2022","13","18","22","35","42","43","03"
"T7, 29/01/2022","06","10","17","23","25","38","21"
"T5, 27/01/2022","01","26","31","36","40","46","28"
"T3, 25/01/2022","02","16","17","20","31","51","50"
"T7, 22/01/2022","02","06","16","29","37","42","22"
"T5, 20/01/2022","08","21","32","34","41","46","48"
"T3, 18/01/2022","06","15","16","33","41","43","51"
"T7, 15/01/2022","20","26","41","46","47","48","18"
"T5, 13/01/2022","07","12","17","26","37","46","28"
"T3, 11/01/2022","12","25","26","28","33","46","22"
"T7, 08/01/2022","06","17","37","41","48","50","13"
"T5, 06/01/2022","04","08","14","21","30","49","38"
"T3, 04/01/2022","11","17","22","28","39","49","43"
"T7, 01/01/2022","04","25","28","32","33","55","03"
"T5, 30/12/2021","09","25","27","32","37","46","23"
"T3, 28/12/2021","03","08","09","40","44","48","02"
"T7, 25/12/2021","06","08","23","25","33","35","27"
"T5, 23/12/2021","08","22","29","43","45","54","23"
"T3, 21/12/2021","23","25","28","49","52","54","44"
"T7, 18/12/2021","04","06","19","26","38","41","16"
"T5, 16/12/2021","19","24","30","41","43","49","55"
"T3, 14/12/2021","10","16","19","24","39","50","29"
"T7, 11/12/2021","08","13","17","22","42","51","45"
"T5, 09/12/2021","03","14","33","40","41","50","17"
"T3, 07/12/2021","04","06","22","32","34","53","41"
"T7, 04/12/2021","07","09","31","32","36","49","37"
"T5, 02/12/2021","06","23","28","31","44","48","14"
"T3, 30/11/2021","12","21","23","28","33","46","38"
"T7, 27/11/2021","02","05","07","21","31","37","44"
"T5, 25/11/2021","16","18","24","29","33","41","43"
"T3, 23/11/2021","05","07","09","28","38","55","50"
"T7, 20/11/2021","06","10","29","30","31","51","35"
"T5, 18/11/2021","18","30","32","37","39","40","10"
"T3, 16/11/2021","08","19","27","34","46","51","02"
"T7, 13/11/2021","18","22","29","33","46","48","37"
"T5, 11/11/2021","03","35","37","41","45","49","31"
"T3, 09/11/2021","12","25","26","47","51","53","16"
"T7, 06/11/2021","23","31","41","48","49","51","03"
"T5, 04/11/2021","05","10","15","31","32","50","28"
"T3, 02/11/2021","37","38","42","46","47","55","23"
"T7, 30/10/2021","31","36","40","44","50","53","11"
"T5, 28/10/2021","02","04","06","13","31","35","16"
"T3, 26/10/2021","21","24","29","34","39","53","20"
"T7, 23/10/2021","05","11","19","26","28","33","09"
"T5, 21/10/2021","03","19","32","36","41","51","35"
"T3, 19/10/2021","03","09","25","29","46","50","18"
"T7, 16/10/2021","09","17","22","28","50","55","07"
"T5, 14/10/2021","09","21","24","30","41","44","40"
"T3, 12/10/2021","14","17","31","33","42","50","40"
"T7, 09/10/2021","01","22","25","38","39","54","19"
"T5, 07/10/2021","06","15","21","24","45","55","46"
"T3, 05/10/2021","11","16","17","19","38","43","24"
"T7, 02/10/2021","05","06","22","26","49","51","32"
"T5, 30/09/2021","18","23","26","32","46","49","54"
"T3, 28/09/2021","07","22","25","40","49","50","37"
"T7, 25/09/2021","07","20","27","43","48","51","37"
"T5, 23/09/2021","06","07","21","25","27","49","26"
"T3, 21/09/2021","15","24","25","40","42","50","49"
"T7, 18/09/2021","03","14","15","21","47","52","54"
"T5, 16/09/2021","10","16","40","43","45","46","22"
"T3, 14/09/2021","17","22","30","40","43","44","41"
"T7, 11/09/2021","08","17","20","36","39","44","30"
"T5, 09/09/2021","06","08","10","23","39","44","43"
"T3, 07/09/2021","19","30","35","43","47","55","12"
"T7, 04/09/2021","11","12","32","42","43","51","31"
"T5, 02/09/2021","01","08","12","26","28","45","43"
"T3, 31/08/2021","07","20","37","47","51","53","05"
"T7, 28/08/2021","10","16","26","27","34","48","51"
"T5, 26/08/2021","11","13","20","51","53","55","04"
"T3, 24/08/2021","02","04","07","18","30","35","20"
"T7, 21/08/2021","22","24","27","37","38","48","14"
"T5, 19/08/2021","05","09","12","20","43","51","13"
"T5, 22/07/2021","02","20","24","39","46","53","55"
"T3, 20/07/2021","02","08","11","13","17","26","53"
"T7, 17/07/2021","02","07","11","21","31","42","45"
"T5, 15/07/2021","03","04","12","16","30","50","20"
"T3, 13/07/2021","05","11","18","27","34","43","42"
"T7, 10/07/2021","07","08","17","37","47","48","27"
"T5, 08/07/2021","03","32","34","42","44","54","35"
"T3, 06/07/2021","17","20","22","24","30","54","51"
"T7, 03/07/2021","04","25","30","38","50","55","53"
"T5, 01/07/2021","04","15","28","30","49","52","55"
"T3, 29/06/2021","05","14","24","36","44","55","48"
"T7, 26/06/2021","06","16","17","20","49","52","27"
"T5, 24/06/2021","03","16","17","24","41","44","37"
"T3, 22/06/2021","03","09","32","33","41","43","40"
"T7, 19/06/2021","01","03","07","13","28","45","33"
"T5, 17/06/2021","18","23","38","41","44","55","40"
"T3, 15/06/2021","11","18","21","22","30","55","35"
"T7, 12/06/2021","04","16","17","20","27","44","30"
"T5, 10/06/2021","11","22","24","27","43","54","45"
"T3, 08/06/2021","16","28","33","41","42","54","12"
"T7, 05/06/2021","14","22","25","39","41","52","17"
"T5, 03/06/2021","04","08","21","24","26","47","43"
"T3, 01/06/2021","06","12","14","27","43","45","38"
"T7, 29/05/2021","02","11","31","37","43","55","14"
"T5, 27/05/2021","03","07","18","22","40","46","14"
"T3, 25/05/2021","06","10","33","35","36","43","08"
"T7, 22/05/2021","15","27","37","45","46","52","31"
"T5, 20/05/2021","07","10","12","19","42","54","24"
"T3, 18/05/2021","06","07","22","32","38","47","27"
"T7, 15/05/2021","01","05","06","13","23","27","46"
"T5, 13/05/2021","13","24","25","35","39","41","29"
"T3, 11/05/2021","01","14","41","44","46","53","48"
"T7, 08/05/2021","14","23","26","37","42","51","40"
"T5, 06/05/2021","15","19","24","31","44","53","32"
"T3, 04/05/2021","07","24","45","48","49","53","14"
"T7, 01/05/2021","03","07","14","22","41","42","10"
"T5, 29/04/2021","03","09","23","33","42","44","50"
"T3, 27/04/2021","03","09","22","26","32","37","41"
"T7, 24/04/2021","01","04","05","21","25","44","45"
"T5, 22/04/2021","05","11","17","25","39","48","22"
"T3, 20/04/2021","18","25","38","43","47","51","11"
"T7, 17/04/2021","04","15","16","29","42","46","36"
"T5, 15/04/2021","05","08","27","42","47","51","36"
"T3, 13/04/2021","25","33","39","45","49","55","36"
"T7, 10/04/2021","12","13","16","17","27","47","49"
"T5, 08/04/2021","08","11","16","22","28","30","45"
"T3, 06/04/2021","27","33","34","38","46","48","05"
"T7, 03/04/2021","02","04","34","38","41","55","19"
"T5, 01/04/2021","13","18","24","34","38","54","08"
"T3, 30/03/2021","02","11","17","19","47","51","22"
"T7, 27/03/2021","05","11","17","20","26","37","12"
"T5, 25/03/2021","19","20","24","29","36","39","22"
"T3, 23/03/2021","09","13","17","33","34","53","31"
"T7, 20/03/2021","16","18","20","25","35","36","17"
"T5, 18/03/2021","17","24","38","41","46","54","51"
"T3, 16/03/2021","03","31","45","46","49","54","40"
"T7, 13/03/2021","07","19","20","23","36","55","09"
"T5, 11/03/2021","04","05","12","25","43","44","27"
"T3, 09/03/2021","15","18","29","35","47","54","20"
"T7, 06/03/2021","18","24","34","39","46","55","04"
"T5, 04/03/2021","02","09","21","23","33","41","45"
"T3, 02/03/2021","23","29","45","46","49","51","01"
"T7, 27/02/2021","06","11","24","30","50","52","22"
"T5, 25/02/2021","09","19","32","40","45","51","01"
"T3, 23/02/2021","16","19","21","23","30","48","06"
"T7, 20/02/2021","01","02","04","32","34","39","20"
"T5, 18/02/2021","02","05","10","22","26","47","53"
"T3, 16/02/2021","04","10","11","21","23","44","50"
"T7, 13/02/2021","03","11","14","31","34","42","24"
"T3, 09/02/2021","15","20","21","29","31","41","34"
"T7, 06/02/2021","06","22","32","33","35","53","12"
"T5, 04/02/2021","28","43","44","50","51","53","13"
"T3, 02/02/2021","04","13","31","36","40","54","30"
"T7, 30/01/2021","02","07","17","18","21","29","19"
"T5, 28/01/2021","03","04","16","34","40","55","02"
"T3, 26/01/2021","07","16","32","42","44","47","35"
"T7, 23/01/2021","12","31","39","41","45","55","34"
"T5, 21/01/2021","09","20","22","31","47","52","18"
"T3, 19/01/2021","05","22","25","43","48","53","18"
"T7, 16/01/2021","13","15","28","29","32","44","49"
"T5, 14/01/2021","01","04","42","44","46","50","09"
"T3, 12/01/2021","19","23","29","34","44","53","35"
"T7, 09/01/2021","10","19","24","29","46","48","05"
"T5, 07/01/2021","07","11","22","38","48","51","53"
"T3, 05/01/2021","05","07","09","22","42","54","47"
"T7, 02/01/2021","07","19","23","26","35","45","11"
"T5, 31/12/2020","02","15","25","27","37","51","53"
"T3, 29/12/2020","04","08","11","15","17","41","23"
"T7, 26/12/2020","01","24","33","41","43","51","48"
"T5, 24/12/2020","11","19","34","41","44","48","43"
"T3, 22/12/2020","10","11","16","29","35","38","03"
"T7, 19/12/2020","14","20","32","34","37","49","31"
"T5, 17/12/2020","15","25","27","35","40","48","45"
"T3, 15/12/2020","10","11","13","35","38","49","14"
"T7, 12/12/2020","03","14","32","36","41","46","54"
"T5, 10/12/2020","03","31","34","36","44","54","45"
"T3, 08/12/2020","02","17","32","33","38","45","37"
"T7, 05/12/2020","10","28","29","30","37","38","36"
"T5, 03/12/2020","05","19","32","41","42","45","17"
"T3, 01/12/2020","06","10","12","24","34","43","15"
"T7, 28/11/2020","01","20","36","44","45","49","52"
"T5, 26/11/2020","18","19","29","31","36","52","50"
"T3, 24/11/2020","04","07","19","20","22","53","23"
"T7, 21/11/2020","08","14","19","20","49","51","28"
"T5, 19/11/2020","12","15","23","28","45","48","43"
"T3, 17/11/2020","06","17","27","34","36","51","48"
"T7, 14/11/2020","05","11","15","34","44","48","35"
"T5, 12/11/2020","04","20","22","25","43","47","12"
"T3, 10/11/2020","02","05","19","39","48","53","06"
"T7, 07/11/2020","12","28","30","33","45","52","15"
"T5, 05/11/2020","01","02","06","18","34","51","52"
"T3, 03/11/2020","02","22","27","46","48","52","23"
"T7, 31/10/2020","08","18","19","20","43","54","50"
"T5, 29/10/2020","09","11","14","16","21","23","54"
"T3, 27/10/2020","03","31","33","36","38","39","08"
"T7, 24/10/2020","12","21","22","27","41","50","34"
"T5, 22/10/2020","02","03","12","21","24","38","14"
"T3, 20/10/2020","08","33","38","47","49","54","31"
"T7, 17/10/2020","03","14","25","37","49","54","53"
"T5, 15/10/2020","08","38","41","47","50","52","45"
"T3, 13/10/2020","12","19","28","29","52","53","20"
"T7, 10/10/2020","05","10","47","50","53","54","22"
"T5, 08/10/2020","10","18","20","21","26","51","52"
"T3, 06/10/2020","11","14","29","32","33","40","35"
"T7, 03/10/2020","12","14","22","23","39","44","28"
"T5, 01/10/2020","03","06","07","19","38","54","50"
"T3, 29/09/2020","01","06","07","13","30","55","34"
"T7, 26/09/2020","07","10","13","15","40","48","01"
"T5, 24/09/2020","12","28","41","42","52","53","50"
"T3, 22/09/2020","05","08","15","18","36","45","06"
"T7, 19/09/2020","04","07","08","29","31","41","38"
"T5, 17/09/2020","01","05","28","43","44","53","49"
"T3, 15/09/2020","13","14","15","17","26","53","21"
"T7, 12/09/2020","20","21","24","30","31","44","40"
"T5, 10/09/2020","18","25","27","37","45","50","52"
"T3, 08/09/2020","22","47","48","52","53","55","14"
"T7, 05/09/2020","09","12","19","22","31","46","20"
"T5, 03/09/2020","07","09","18","22","35","54","50"
"T3, 01/09/2020","11","22","24","47","49","53","03"
"T7, 29/08/2020","01","04","14","28","35","53","02"
"T3, 25/08/2020","21","35","36","38","44","47","14"
"T7, 22/08/2020","01","20","24","26","35","51","12"
"T5, 20/08/2020","14","18","28","32","33","36","41"
"T3, 18/08/2020","22","41","44","46","51","52","02"
"T7, 15/08/2020","01","11","29","30","41","51","04"
"T5, 13/08/2020","03","25","28","44","49","54","19"
"T3, 11/08/2020","02","12","33","39","52","53","44"
"T7, 08/08/2020","03","12","24","26","36","43","08"
"T5, 06/08/2020","02","05","21","24","26","27","11"
"T3, 04/08/2020","10","15","20","21","32","51","08"
"T7, 01/08/2020","13","18","29","30","40","47","04"
"T5, 30/07/2020","06","07","16","26","29","54","04"
"T3, 28/07/2020","03","11","20","34","44","54","16"
"T7, 25/07/2020","02","19","21","34","54","55","24"
"T5, 23/07/2020","04","12","31","47","49","52","02"
"T3, 21/07/2020","06","14","31","37","38","44","04"
"T7, 18/07/2020","03","13","22","28","30","53","16"
"T5, 16/07/2020","02","05","11","20","24","32","06"
"T3, 14/07/2020","05","22","32","34","43","51","12"
"T7, 11/07/2020","03","04","06","14","20","38","35"
"T5, 09/07/2020","03","10","11","17","26","54","21"
"T3, 07/07/2020","07","24","32","35","48","50","01"
"T7, 04/07/2020","03","09","10","18","29","45","36"
"T5, 02/07/2020","04","10","20","38","48","53","05"
"T3, 30/06/2020","05","11","18","19","20","21","52"
"T7, 27/06/2020","02","06","38","47","50","53","14"
"T5, 25/06/2020","09","10","12","19","27","40","55"
"T3, 23/06/2020","02","18","28","46","52","54","19"
"T7, 20/06/2020","05","09","33","43","44","50","46"
"T5, 18/06/2020","05","18","27","45","50","54","09"
"T3, 16/06/2020","02","15","16","23","33","54","45"
"T7, 13/06/2020","07","09","11","30","43","53","10"
"T5, 11/06/2020","03","21","25","32","35","52","34"
"T3, 09/06/2020","01","03","08","22","42","48","44"
"T7, 06/06/2020","08","12","24","32","35","51","21"
"T5, 04/06/2020","06","12","16","34","39","54","19"
"T3, 02/06/2020","04","19","31","42","48","55","22"
"T7, 30/05/2020","12","13","41","42","48","53","20"
"T5, 28/05/2020","01","04","08","21","44","49","52"
"T3, 26/05/2020","11","12","23","24","34","47","43"
"T7, 23/05/2020","04","13","27","47","50","55","31"
"T5, 21/05/2020","02","15","22","25","30","46","10"
"T3, 19/05/2020","05","15","16","19","49","55","03"
"T7, 16/05/2020","19","35","38","49","52","55","01"
"T5, 14/05/2020","07","23","29","47","51","55","12"
"T3, 12/05/2020","01","08","25","34","38","44","28"
"T7, 09/05/2020","18","19","30","39","45","46","11"
"T5, 07/05/2020","09","19","28","30","32","54","22"
"T3, 05/05/2020","01","04","13","15","18","20","22"
"T7, 02/05/2020","02","06","09","16","43","53","19"
"T5, 30/04/2020","12","31","32","33","39","41","14"
"T3, 28/04/2020","04","06","10","16","30","46","34"
"T7, 25/04/2020","04","18","24","30","53","55","13"
"T3, 31/03/2020","12","19","40","41","43","53","23"
"T7, 28/03/2020","01","10","11","13","27","55","19"
"T5, 26/03/2020","07","08","11","31","35","36","45"
"T3, 24/03/2020","03","09","20","21","33","52","50"
"T7, 21/03/2020","10","12","14","17","29","53","25"
"T5, 19/03/2020","03","35","41","42","43","49","31"
"T3, 17/03/2020","01","14","18","43","49","50","08"
"T7, 14/03/2020","12","20","25","38","39","40","37"
"T5, 12/03/2020","02","14","19","24","27","34","48"
"T3, 10/03/2020","23","25","30","36","45","52","53"
"T7, 07/03/2020","05","11","21","30","40","48","20"
"T5, 05/03/2020","08","09","34","40","41","54","13"
"T3, 03/03/2020","14","15","31","40","43","49","12"
"T7, 29/02/2020","09","17","23","26","51","54","32"
"T5, 27/02/2020","03","11","21","29","47","55","50"
"T3, 25/02/2020","05","13","21","36","39","48","06"
"T7, 22/02/2020","07","24","32","49","51","54","44"
"T5, 20/02/2020","01","03","20","33","36","51","49"
"T3, 18/02/2020","27","32","36","37","47","48","50"
"T7, 15/02/2020","26","36","37","38","42","49","46"
"T5, 13/02/2020","25","28","32","34","35","39","07"
"T3, 11/02/2020","04","14","18","21","32","53","02"
"T7, 08/02/2020","09","12","19","25","41","54","38"
"T5, 06/02/2020","13","18","34","36","45","49","37"
"T3, 04/02/2020","06","10","20","47","52","55","46"
"T7, 01/02/2020","02","03","11","23","35","54","06"
"T5, 30/01/2020","12","18","28","30","47","50","41"
"T3, 28/01/2020","01","20","24","33","40","55","46"
"T5, 23/01/2020","09","15","18","25","31","49","46"
"T3, 21/01/2020","14","31","45","47","52","54","13"
"T7, 18/01/2020","13","18","19","23","32","43","11"
"T5, 16/01/2020","10","11","26","33","44","46","55"
"T3, 14/01/2020","03","04","17","39","50","51","53"
"T7, 11/01/2020","08","11","17","19","25","47","53"
"T5, 09/01/2020","17","20","21","29","52","54","51"
"T3, 07/01/2020","08","11","16","22","42","54","13"
"T7, 04/01/2020","04","14","26","42","44","55","48"
"T5, 02/01/2020","12","14","26","29","33","40","50"
"T3, 31/12/2019","02","22","26","28","44","55","27"
"T7, 28/12/2019","10","17","26","28","29","32","21"
"T5, 26/12/2019","05","06","12","18","23","54","26"
"T3, 24/12/2019","03","16","30","34","50","55","48"
"T7, 21/12/2019","05","08","20","34","37","42","51"
"T5, 19/12/2019","18","22","25","28","29","34","50"
"T3, 17/12/2019","04","05","14","19","22","37","43"
"T7, 14/12/2019","03","30","33","34","40","47","26"
"T5, 12/12/2019","01","09","15","42","49","50","48"
"T3, 10/12/2019","05","20","33","42","43","49","26"
"T7, 07/12/2019","07","18","38","42","47","51","08"
"T5, 05/12/2019","09","11","16","27","35","40","51"
"T3, 03/12/2019","21","29","36","41","50","52","42"
"T7, 30/11/2019","08","09","10","32","44","50","15"
"T5, 28/11/2019","01","18","26","28","53","55","14"
"T3, 26/11/2019","07","19","38","41","42","47","04"
"T7, 23/11/2019","07","29","30","45","50","55","15"
"T5, 21/11/2019","21","24","35","38","42","47","34"
"T3, 19/11/2019","19","21","33","35","38","40","04"
"T7, 16/11/2019","06","08","18","22","49","52","10"
"T5, 14/11/2019","09","12","16","36","41","55","35"
"T3, 12/11/2019","10","17","24","27","36","39","33"
"T7, 09/11/2019","01","03","06","25","29","41","12"
"T5, 07/11/2019","01","12","19","37","44","52","18"
"T3, 05/11/2019","03","06","16","17","44","50","28"
"T7, 02/11/2019","02","15","34","35","48","50","32"
"T5, 31/10/2019","18","19","22","37","47","48","46"
"T3, 29/10/2019","12","15","16","31","43","55","11"
"T7, 26/10/2019","18","20","22","50","51","53","35"
"T5, 24/10/2019","09","14","23","41","45","50","13"
"T3, 22/10/2019","02","16","26","27","36","40","31"
"T7, 19/10/2019","01","10","21","26","42","43","25"
"T5, 17/10/2019","05","11","14","34","51","53","16"
"T3, 15/10/2019","09","12","29","46","48","53","03"
"T7, 12/10/2019","21","39","48","51","53","55","05"
"T5, 10/10/2019","04","17","42","51","53","55","29"
"T3, 08/10/2019","08","36","39","43","48","50","40"
"T7, 05/10/2019","10","29","30","31","37","51","50"
"T5, 03/10/2019","04","07","08","26","37","44","29"
"T3, 01/10/2019","05","22","38","41","47","49","29"
"T7, 28/09/2019","04","08","21","23","40","43","44"
"T5, 26/09/2019","07","12","38","43","51","55","15"
"T3, 24/09/2019","12","33","39","40","48","53","35"
"T7, 21/09/2019","02","05","23","30","42","45","34"
"T5, 19/09/2019","02","08","22","34","39","41","13"
"T3, 17/09/2019","03","14","26","38","43","47","10"
"T7, 14/09/2019","10","36","42","44","45","54","14"
"T5, 12/09/2019","18","29","32","33","45","49","40"
"T3, 10/09/2019","06","09","19","39","50","54","37"
"T7, 07/09/2019","07","17","31","35","38","46","16"
"T5, 05/09/2019","20","24","27","30","33","45","21"
"T3, 03/09/2019","13","14","29","35","41","55","25"
"T7, 31/08/2019","13","20","23","32","51","52","42"
"T5, 29/08/2019","10","11","12","23","27","48","09"
"T3, 27/08/2019","16","22","29","33","46","47","55"
"T7, 24/08/2019","19","20","34","40","49","51","01"
"T5, 22/08/2019","04","07","16","17","30","39","27"
"T3, 20/08/2019","10","30","38","48","54","55","46"
"T7, 17/08/2019","09","11","24","26","38","53","41"
"T5, 15/08/2019","19","25","31","32","39","47","08"
"T3, 13/08/2019","04","08","16","27","32","40","23"
"T7, 10/08/2019","07","17","36","42","43","50","44"
"T5, 08/08/2019","01","06","17","18","21","41","22"
"T3, 06/08/2019","09","11","19","20","26","42","17"
"T7, 03/08/2019","13","24","25","26","27","30","04"
"T5, 01/08/2019","01","18","39","45","48","49","26"
"T3, 30/07/2019","03","08","12","21","32","51","07"
"T7, 27/07/2019","02","03","25","33","44","50","17"
"T5, 25/07/2019","03","31","34","41","52","53","16"
"T3, 23/07/2019","05","10","21","32","39","52","41"
"T7, 20/07/2019","15","18","25","32","42","52","10"
"T5, 18/07/2019","04","24","29","31","39","41","38"
"T3, 16/07/2019","04","12","19","31","33","40","51"
"T7, 13/07/2019","05","23","29","45","50","52","01"
"T5, 11/07/2019","06","09","15","26","35","38","34"
"T3, 09/07/2019","04","17","25","40","42","51","02"
"T7, 06/07/2019","05","29","36","39","46","53","48"
"T5, 04/07/2019","04","05","14","46","52","54","03"
"T3, 02/07/2019","02","09","33","45","52","54","01"
"T7, 29/06/2019","06","10","19","31","34","43","37"
"T5, 27/06/2019","09","29","32","44","49","53","05"
"T3, 25/06/2019","03","14","34","35","40","49","23"
"T7, 22/06/2019","01","09","23","28","42","54","49"
"T5, 20/06/2019","09","15","23","41","49","51","52"
"T3, 18/06/2019","24","31","45","46","47","54","04"
"T7, 15/06/2019","13","23","40","45","52","55","09"
"T5, 13/06/2019","06","09","15","22","29","53","25"
"T3, 11/06/2019","02","05","13","20","30","49","35"
"T7, 08/06/2019","02","08","10","23","27","35","47"
"T5, 06/06/2019","10","13","30","36","51","54","16"
"T3, 04/06/2019","18","20","24","26","33","41","55"
"T7, 01/06/2019","10","24","31","41","42","47","20"
"T5, 30/05/2019","17","31","33","34","37","40","35"
"T3, 28/05/2019","15","22","31","32","33","37","51"
"T7, 25/05/2019","04","12","35","44","50","55","19"
"T5, 23/05/2019","13","21","33","42","53","55","44"
"T3, 21/05/2019","11","12","29","31","37","53","41"
"T7, 18/05/2019","06","10","13","18","29","38","53"
"T5, 16/05/2019","08","28","30","33","40","43","24"
"T3, 14/05/2019","06","11","15","21","30","40","10"
"T7, 11/05/2019","06","11","20","22","26","28","36"
"T5, 09/05/2019","19","21","48","49","54","55","27"
"T3, 07/05/2019","03","06","07","08","09","49","24"
"T7, 04/05/2019","02","03","26","53","17","01","50"
"T5, 02/05/2019","02","10","16","17","33","36","20"
"T3, 30/04/2019","03","05","13","40","41","45","52"
"T7, 27/04/2019","01","11","22","26","33","51","04"
"T5, 25/04/2019","16","22","23","33","36","38","45"
"T3, 23/04/2019","20","21","22","31","43","45","30"
"T7, 20/04/2019","08","10","12","24","40","44","51"
"T5, 18/04/2019","07","08","15","24","26","48","10"
"T3, 16/04/2019","16","29","32","33","52","53","05"
"T7, 13/04/2019","09","13","20","21","36","43","32"
"T5, 11/04/2019","01","08","31","32","37","55","53"
"T3, 09/04/2019","10","14","19","36","48","49","03"
"T7, 06/04/2019","01","20","30","41","46","50","48"
"T5, 04/04/2019","16","26","29","38","47","51","13"
"T3, 02/04/2019","01","04","09","20","22","26","48"
"T7, 30/03/2019","03","15","18","35","50","54","32"
"T5, 28/03/2019","03","23","37","43","44","49","27"
"T3, 26/03/2019","15","19","28","40","44","48","14"
"T7, 23/03/2019","03","09","30","41","46","52","22"
"T5, 21/03/2019","07","18","32","42","46","53","28"
"T3, 19/03/2019","08","28","32","35","40","45","34"
"T7, 16/03/2019","10","18","22","24","35","40","53"
"T5, 14/03/2019","18","21","25","35","44","53","04"
"T3, 12/03/2019","09","16","26","34","44","49","19"
"T7, 09/03/2019","18","24","31","34","35","44","52"
"T5, 07/03/2019","02","14","20","33","41","47","27"
"T3, 05/03/2019","01","15","23","51","53","55","26"
"T7, 02/03/2019","01","02","03","20","46","48","31"
"T5, 28/02/2019","04","15","19","34","40","42","49"
"T3, 26/02/2019","08","09","16","34","42","43","45"
"T7, 23/02/2019","16","19","30","39","43","52","21"
"T5, 21/02/2019","03","10","11","15","29","34","50"
"T3, 19/02/2019","12","18","22","29","32","52","51"
"T7, 16/02/2019","05","08","14","28","37","40","41"
"T5, 14/02/2019","08","15","26","41","43","53","46"
"T3, 12/02/2019","01","12","17","34","48","49","47"
"T7, 09/02/2019","02","14","15","44","46","50","18"
"T5, 07/02/2019","20","27","28","32","47","50","41"
"T7, 02/02/2019","11","23","27","35","36","46","37"
"T5, 31/01/2019","10","19","20","28","34","44","29"
"T3, 29/01/2019","15","20","26","41","45","55","10"
"T7, 26/01/2019","20","27","33","43","53","54","48"
"T5, 24/01/2019","31","35","38","44","49","55","24"
"T3, 22/01/2019","01","14","22","40","52","55","21"
"T7, 19/01/2019","13","29","42","46","51","53","36"
"T5, 17/01/2019","13","14","22","34","35","55","54"
"T3, 15/01/2019","04","06","13","22","29","30","52"
"T7, 12/01/2019","07","13","14","26","42","54","11"
"T5, 10/01/2019","12","22","31","35","40","47","08"
"T3, 08/01/2019","03","05","09","11","45","48","40"
"T7, 05/01/2019","10","11","38","47","53","55","51"
"T5, 03/01/2019","23","31","37","45","49","54","18"
"T3, 01/01/2019","02","19","21","27","37","46","12"
"T7, 29/12/2018","08","36","42","43","50","52","30"
"T5, 27/12/2018","05","20","33","42","43","50","40"
"T3, 25/12/2018","03","09","17","21","23","51","15"
"T7, 22/12/2018","03","08","16","35","39","52","29"
"T5, 20/12/2018","08","17","24","33","34","44","55"
"T3, 18/12/2018","01","09","15","17","25","26","08"
"T7, 15/12/2018","14","17","49","52","53","55","12"
"T5, 13/12/2018","02","11","14","36","49","55","53"
"T3, 11/12/2018","01","05","11","37","39","44","31"
"T7, 08/12/2018","03","06","09","31","48","54","53"
"T5, 06/12/2018","09","13","23","27","39","42","49"
"T3, 04/12/2018","10","13","16","23","30","49","24"
"T7, 01/12/2018","03","05","12","20","25","33","41"
"T5, 29/11/2018","10","23","27","42","51","52","20"
"T3, 27/11/2018","03","05","23","28","35","44","08"
"T7, 24/11/2018","03","10","11","25","40","54","17"
"T5, 22/11/2018","17","22","24","28","37","44","06"
"T3, 20/11/2018","09","23","33","40","44","49","17"
"T7, 17/11/2018","12","22","26","29","45","47","15"
"T5, 15/11/2018","13","16","21","40","49","52","54"
"T3, 13/11/2018","03","25","26","32","41","47","05"
"T7, 10/11/2018","03","05","19","22","29","39","15"
"T5, 08/11/2018","22","28","31","39","52","53","14"
"T3, 06/11/2018","19","22","23","43","47","53","03"
"T7, 03/11/2018","14","17","20","23","25","45","34"
"T5, 01/11/2018","03","11","15","42","44","54","41"
"T3, 30/10/2018","01","12","22","27","30","39","46"
"T7, 27/10/2018","08","09","15","21","44","49","16"
"T5, 25/10/2018","16","23","29","31","45","48","19"
"T3, 23/10/2018","01","03","06","13","21","30","36"
"T7, 20/10/2018","02","05","10","17","35","41","21"
"T5, 18/10/2018","01","11","22","34","42","47","30"
"T3, 16/10/2018","05","28","29","34","42","46","17"
"T7, 13/10/2018","12","21","23","44","47","48","43"
"T5, 11/10/2018","05","16","17","37","46","49","35"
"T3, 09/10/2018","10","27","46","50","51","55","01"
"T7, 06/10/2018","05","06","16","42","48","51","03"
"T5, 04/10/2018","03","09","12","17","34","42","46"
"T3, 02/10/2018","03","07","28","32","33","37","22"
"T7, 29/09/2018","03","07","12","32","34","55","38"
"T5, 27/09/2018","08","12","29","35","51","54","34"
"T3, 25/09/2018","02","03","06","13","14","17","09"
"T7, 22/09/2018","01","08","17","28","40","50","21"
"T5, 20/09/2018","03","32","35","46","47","49","51"
"T3, 18/09/2018","08","21","32","43","48","53","38"
"T7, 15/09/2018","02","05","28","30","46","50","49"
"T5, 13/09/2018","04","06","07","26","40","44","09"
"T3, 11/09/2018","13","17","28","42","45","49","50"
"T7, 08/09/2018","09","11","12","24","35","43","15"
"T5, 06/09/2018","04","11","15","21","24","27","07"
"T3, 04/09/2018","08","18","20","29","34","37","51"
"T7, 01/09/2018","02","08","20","21","28","36","05"
"T5, 30/08/2018","05","22","28","42","49","54","36"
"T3, 28/08/2018","02","10","15","31","39","48","23"
"T7, 25/08/2018","10","11","15","32","40","48","27"
"T5, 23/08/2018","14","18","27","38","39","53","02"
"T3, 21/08/2018","09","12","14","23","32","46","31"
"T7, 18/08/2018","07","33","36","39","51","55","11"
"T5, 16/08/2018","06","10","34","46","48","51","47"
"T3, 14/08/2018","29","30","36","38","45","52","46"
"T7, 11/08/2018","16","17","31","33","42","44","14"
"T5, 09/08/2018","24","29","32","33","49","55","09"
"T3, 07/08/2018","03","09","15","20","39","49","04"
"T7, 04/08/2018","11","12","24","32","41","48","03"
"T5, 02/08/2018","06","11","16","17","41","55","07"
"T3, 31/07/2018","01","05","27","31","47","50","41"
"T7, 28/07/2018","11","16","22","25","30","40","09"
"T5, 26/07/2018","21","24","33","37","40","46","52"
"T3, 24/07/2018","11","18","34","37","50","53","20"
"T7, 21/07/2018","07","31","33","37","46","52","28"
"T5, 19/07/2018","11","13","28","34","44","47","10"
"T3, 17/07/2018","05","14","22","27","31","40","48"
"T7, 14/07/2018","04","19","23","34","38","50","01"
"T5, 12/07/2018","08","15","18","21","24","49","22"
"T3, 10/07/2018","06","10","16","20","27","29","24"
"T7, 07/07/2018","02","30","45","48","49","53","41"
"T5, 05/07/2018","04","15","22","24","43","51","48"
"T3, 03/07/2018","30","32","34","47","48","49","50"
"T7, 30/06/2018","03","12","23","24","30","33","01"
"T5, 28/06/2018","11","31","33","43","48","51","23"
"T3, 26/06/2018","17","18","21","39","40","43","03"
"T7, 23/06/2018","06","08","13","23","46","55","01"
"T5, 21/06/2018","02","08","19","23","25","33","32"
"T3, 19/06/2018","16","17","31","37","41","52","34"
"T7, 16/06/2018","14","15","21","30","44","47","48"
"T5, 14/06/2018","03","15","32","45","48","54","55"
"T3, 12/06/2018","04","13","23","27","29","35","14"
"T7, 09/06/2018","09","23","25","39","52","53","38"
"T5, 07/06/2018","11","16","18","26","46","47","42"
"T3, 05/06/2018","11","21","26","32","51","52","05"
"T7, 02/06/2018","05","07","17","22","32","33","06"
"T5, 31/05/2018","03","15","18","25","26","29","19"
"T3, 29/05/2018","09","13","17","18","46","50","26"
"T7, 26/05/2018","07","12","28","31","40","44","15"
"T5, 24/05/2018","24","25","26","29","36","48","40"
"T3, 22/05/2018","04","05","08","17","35","47","39"
"T7, 19/05/2018","33","35","45","52","53","55","25"
"T5, 17/05/2018","13","31","38","45","53","55","46"
"T3, 15/05/2018","03","06","29","37","44","49","24"
"T7, 12/05/2018","01","09","26","38","54","55","51"
"T5, 10/05/2018","02","06","08","34","39","43","11"
"T3, 08/05/2018","03","16","23","24","38","42","48"
"T7, 05/05/2018","16","32","33","37","40","48","15"
"T5, 03/05/2018","23","27","33","37","39","49","44"
"T3, 01/05/2018","01","07","20","23","25","38","14"
"T7, 28/04/2018","12","19","22","29","32","46","25"
"T5, 26/04/2018","23","26","29","31","36","54","55"
"T3, 24/04/2018","17","18","24","40","41","46","06"
"T7, 21/04/2018","16","18","41","43","46","55","35"
"T5, 19/04/2018","04","17","19","35","49","55","09"
"T3, 17/04/2018","02","10","26","27","31","38","39"
"T7, 14/04/2018","02","10","14","26","45","54","20"
"T5, 12/04/2018","04","29","35","37","42","54","19"
"T3, 10/04/2018","01","22","25","31","36","48","41"
"T7, 07/04/2018","12","24","33","34","36","53","05"
"T5, 05/04/2018","07","09","17","25","31","32","06"
"T3, 03/04/2018","20","21","39","42","51","53","01"
"T7, 31/03/2018","03","07","31","43","51","53","26"
"T5, 29/03/2018","05","27","35","39","46","52","31"
"T3, 27/03/2018","09","13","14","15","54","55","22"
"T7, 24/03/2018","01","30","38","45","48","50","12"
"T5, 22/03/2018","01","08","24","33","34","41","20"
"T3, 20/03/2018","11","40","43","46","49","55","37"
"T7, 17/03/2018","03","14","28","35","50","52","29"
"T5, 15/03/2018","15","20","23","28","39","49","19"
"T3, 13/03/2018","01","02","17","46","47","49","44"
"T7, 10/03/2018","09","20","27","31","48","49","42"
"T5, 08/03/2018","14","17","18","23","41","52","40"
"T3, 06/03/2018","02","06","13","22","40","48","12"
"T7, 03/03/2018","04","10","32","37","47","52","49"
"T5, 01/03/2018","04","05","07","17","20","38","09"
"T3, 27/02/2018","08","16","23","28","44","49","45"
"T7, 24/02/2018","05","07","24","32","45","49","01"
"T5, 22/02/2018","11","14","32","36","42","48","20"
"T3, 20/02/2018","01","02","21","24","50","52","33"
"T7, 17/02/2018","16","22","28","29","35","43","45"
"T3, 13/02/2018","09","25","26","30","42","54","19"
"T7, 10/02/2018","08","10","19","25","36","46","07"
"T5, 08/02/2018","21","22","29","37","41","50","33"
"T3, 06/02/2018","01","20","29","31","43","53","16"
"T7, 03/02/2018","12","29","42","48","54","55","18"
"T5, 01/02/2018","01","07","08","09","39","43","52"
"T3, 30/01/2018","15","19","24","51","53","55","29"
"T7, 27/01/2018","21","26","36","38","40","50","11"
"T5, 25/01/2018","01","10","30","44","45","50","04"
"T3, 23/01/2018","03","10","15","23","41","53","35"
"T7, 20/01/2018","02","07","15","16","41","45","19"
"T5, 18/01/2018","12","24","28","30","36","39","15"
"T3, 16/01/2018","06","27","33","41","42","49","22"
"T7, 13/01/2018","03","21","25","26","51","55","37"
"T5, 11/01/2018","04","07","30","35","37","45","01"
"T3, 09/01/2018","18","25","28","46","50","51","15"
"T7, 06/01/2018","04","11","24","35","41","45","17"
"T5, 04/01/2018","01","07","31","35","46","55","51"
"T3, 02/01/2018","04","07","08","34","37","47","24"
"T7, 30/12/2017","08","09","36","37","39","50","07"
"T5, 28/12/2017","07","18","26","29","31","35","34"
"T3, 26/12/2017","07","11","13","18","26","42","49"
"T7, 23/12/2017","07","08","09","13","28","44","12"
"T5, 21/12/2017","22","23","27","35","37","46","19"
"T3, 19/12/2017","02","03","20","25","38","44","12"
"T7, 16/12/2017","05","23","37","41","43","53","25"
"T5, 14/12/2017","11","12","22","28","46","50","07"
"T3, 12/12/2017","06","07","08","21","32","39","27"
"T7, 09/12/2017","05","34","35","42","49","52","21"
"T5, 07/12/2017","03","14","26","35","44","54","25"
"T3, 05/12/2017","27","38","40","42","46","55","05"
"T7, 02/12/2017","09","37","45","50","53","54","40"
"T5, 30/11/2017","05","13","26","37","53","55","28"
"T3, 28/11/2017","02","19","39","49","51","53","20"
"T7, 25/11/2017","02","09","16","46","52","55","50"
"T5, 23/11/2017","01","02","03","18","25","50","14"
"T3, 21/11/2017","05","08","23","37","38","54","55"
"T7, 18/11/2017","11","12","26","42","50","54","17"
"T5, 16/11/2017","01","16","22","25","47","48","21"
"T3, 14/11/2017","20","24","29","41","47","49","22"
"T7, 11/11/2017","12","26","33","35","36","44","01"
"T5, 09/11/2017","02","03","06","23","34","36","50"
"T3, 07/11/2017","19","32","36","37","42","54","28"
"T7, 04/11/2017","02","08","12","44","46","52","09"
"T5, 02/11/2017","03","09","12","21","51","52","07"
"T3, 31/10/2017","07","13","24","45","47","52","33"
"T7, 28/10/2017","13","18","35","36","41","48","47"
"T5, 26/10/2017","02","10","15","30","34","50","03"
"T3, 24/10/2017","01","02","09","13","32","35","52"
"T7, 21/10/2017","04","09","13","16","18","49","30"
"T5, 19/10/2017","06","15","17","24","40","45","39"
"T3, 17/10/2017","01","26","36","40","50","54","31"
"T7, 14/10/2017","14","18","29","35","44","49","54"
"T5, 12/10/2017","05","08","11","31","37","42","52"
"T3, 10/10/2017","29","33","43","44","45","50","41"
"T7, 07/10/2017","31","34","40","42","43","49","16"
"T5, 05/10/2017","01","03","14","19","35","41","20"
"T3, 03/10/2017","21","31","35","41","46","50","23"
"T7, 30/09/2017","04","17","23","25","34","46","24"
"T5, 28/09/2017","20","27","28","31","39","47","10"
"T3, 26/09/2017","14","15","18","30","36","49","19"
"T7, 23/09/2017","07","08","27","36","44","53","49"
"T5, 21/09/2017","09","12","16","24","43","51","39"
"T3, 19/09/2017","03","32","36","41","44","53","45"
"T7, 16/09/2017","09","12","21","26","29","52","24"
"T5, 14/09/2017","22","23","32","43","44","51","15"
"T3, 12/09/2017","06","10","12","47","48","51","35"
"T7, 09/09/2017","01","15","23","36","43","54","12"
"T5, 07/09/2017","04","18","22","31","32","40","08"
"T3, 05/09/2017","01","02","08","13","23","39","09"
"T7, 02/09/2017","05","09","11","18","19","37","50"
"T5, 31/08/2017","08","20","27","35","36","47","18"
"T3, 29/08/2017","04","12","15","23","24","41","44"
"T7, 26/08/2017","17","25","30","31","36","41","20"
"T5, 24/08/2017","05","16","18","37","42","46","10"
"T3, 22/08/2017","10","24","31","32","38","44","14"
"T7, 19/08/2017","07","11","13","15","26","51","36"
"T5, 17/08/2017","11","12","20","30","32","34","53"
"T3, 15/08/2017","07","11","19","32","33","51","30"
"T7, 12/08/2017","06","16","20","32","38","51","34"
"T5, 10/08/2017","10","11","19","41","50","54","03"
"T3, 08/08/2017","19","36","39","41","46","51","38"
"T7, 05/08/2017","01","05","11","32","40","45","43"
"T5, 03/08/2017","04","09","24","25","27","45","40"
"T3, 01/08/2017","05","10","14","23","24","38","35"