Date,Region,Province,Prize,Numbers
2024-06-05,MB,Hà Nội,ĐB,99616
2024-06-05,MB,Hà Nội,1,59757
2024-06-05,MB,Hà Nội,2,35250
2024-06-05,MB,Hà Nội,3,51038 - 79020 - 37067 - 35023 - 98308 - 43907
2024-06-05,MB,Hà Nội,4,12155 - 50057 - 71449 - 08347 - 31332 - 26317
2024-06-05,MB,Hà Nội,5,02754 - 46669 - 72238
2024-06-05,MB,Hà Nội,6,51929 - 26897 - 69181
2024-06-05,MB,Hà Nội,7,93697 - 22472 - 90692 - 24089
2024-06-05,MT,Đà Nẵng,ĐB,42792
2024-06-05,MT,Đà Nẵng,1,34250
2024-06-05,MT,Đà Nẵng,2,11536
2024-06-05,MT,Đà Nẵng,3,26974 - 40570 - 26905 - 05108 - 35780 - 11960
2024-06-05,MT,Đà Nẵng,4,75219 - 41029 - 85286 - 97434 - 22373 - 00403
2024-06-05,MT,Đà Nẵng,5,92066 - 64215 - 34313
2024-06-05,MT,Đà Nẵng,6,40493 - 15638 - 86043
2024-06-05,MT,Đà Nẵng,7,33891 - 05877 - 30282 - 59904
2024-06-05,MT,Đà Nẵng,8,37256
2024-06-05,MT,Khánh Hòa,ĐB,60522
2024-06-05,MT,Khánh Hòa,1,35403
2024-06-05,MT,Khánh Hòa,2,32703
2024-06-05,MT,Khánh Hòa,3,11461 - 29923 - 08294 - 46944 - 59987 - 11652
2024-06-05,MT,Khánh Hòa,4,66724 - 64676 - 81059 - 26577 - 93901 - 22845
2024-06-05,MT,Khánh Hòa,5,49121 - 95417 - 09973
2024-06-05,MT,Khánh Hòa,6,70556 - 74332 - 46082
2024-06-05,MT,Khánh Hòa,7,19636 - 70727 - 11155 - 85526
2024-06-05,MT,Khánh Hòa,8,44126
2024-06-05,MN,TP. HCM,ĐB,97881
2024-06-05,MN,TP. HCM,1,70264
2024-06-05,MN,TP. HCM,2,58858
2024-06-05,MN,TP. HCM,3,03883 - 98657 - 26209 - 90022 - 93969 - 75958
2024-06-05,MN,TP. HCM,4,01271 - 43786 - 55216 - 41366 - 06061 - 59761
2024-06-05,MN,TP. HCM,5,84933 - 98237 - 03557
2024-06-05,MN,TP. HCM,6,65280 - 73630 - 42120
2024-06-05,MN,TP. HCM,7,88703 - 59039 - 95407 - 87032
2024-06-05,MN,TP. HCM,8,14749
2024-06-05,MN,Đồng Tháp,ĐB,40930
2024-06-05,MN,Đồng Tháp,1,07302
2024-06-05,MN,Đồng Tháp,2,31625
2024-06-05,MN,Đồng Tháp,3,33970 - 73116 - 20068 - 77501 - 77168 - 36116
2024-06-05,MN,Đồng Tháp,4,72848 - 08170 - 13855 - 29338 - 67198 - 73294
2024-06-05,MN,Đồng Tháp,5,88637 - 38786 - 95153
2024-06-05,MN,Đồng Tháp,6,53830 - 76833 - 17077
2024-06-05,MN,Đồng Tháp,7,96388 - 37953 - 31256 - 54711
2024-06-05,MN,Đồng Tháp,8,35624
2024-06-05,MN,Cà Mau,ĐB,90448
2024-06-05,MN,Cà Mau,1,93525
2024-06-05,MN,Cà Mau,2,54545
2024-06-05,MN,Cà Mau,3,36345 - 88628 - 99234 - 34499 - 08833 - 21931
2024-06-05,MN,Cà Mau,4,17969 - 43387 - 59825 - 03818 - 20522 - 96119
2024-06-05,MN,Cà Mau,5,84183 - 33263 - 07672
2024-06-05,MN,Cà Mau,6,40990 - 85746 - 44310
2024-06-05,MN,Cà Mau,7,31436 - 31462 - 39787 - 58551
2024-06-05,MN,Cà Mau,8,32793
2024-06-06,MB,Hà Nội,ĐB,06684
2024-06-06,MB,Hà Nội,1,76180
2024-06-06,MB,Hà Nội,2,37726
2024-06-06,MB,Hà Nội,3,92825 - 27242 - 46914 - 86787 - 00037 - 96700
2024-06-06,MB,Hà Nội,4,01058 - 11100 - 50359 - 04437 - 76026 - 17998
2024-06-06,MB,Hà Nội,5,12012 - 60817 - 17498
2024-06-06,MB,Hà Nội,6,20722 - 08408 - 26620
2024-06-06,MB,Hà Nội,7,48655 - 74223 - 79827 - 52205
2024-06-06,MT,Đà Nẵng,ĐB,05174
2024-06-06,MT,Đà Nẵng,1,97522
2024-06-06,MT,Đà Nẵng,2,73029
2024-06-06,MT,Đà Nẵng,3,50809 - 94139 - 13795 - 53195 - 88914 - 49936
2024-06-06,MT,Đà Nẵng,4,93370 - 14660 - 23882 - 77540 - 16750 - 47315
2024-06-06,MT,Đà Nẵng,5,99776 - 19646 - 86106
2024-06-06,MT,Đà Nẵng,6,35868 - 11804 - 90311
2024-06-06,MT,Đà Nẵng,7,55665 - 05692 - 88416 - 23321
2024-06-06,MT,Đà Nẵng,8,57246
2024-06-06,MT,Khánh Hòa,ĐB,31113
2024-06-06,MT,Khánh Hòa,1,78454
2024-06-06,MT,Khánh Hòa,2,22320
2024-06-06,MT,Khánh Hòa,3,63599 - 50386 - 97524 - 06082 - 54638 - 88368
2024-06-06,MT,Khánh Hòa,4,02810 - 13753 - 74248 - 38833 - 06209 - 69750
2024-06-06,MT,Khánh Hòa,5,76116 - 76634 - 93985
2024-06-06,MT,Khánh Hòa,6,67368 - 27975 - 41860
2024-06-06,MT,Khánh Hòa,7,63692 - 66295 - 14722 - 57822
2024-06-06,MT,Khánh Hòa,8,27256
2024-06-06,MN,TP. HCM,ĐB,34301
2024-06-06,MN,TP. HCM,1,83373
2024-06-06,MN,TP. HCM,2,33506
2024-06-06,MN,TP. HCM,3,53078 - 80109 - 28528 - 93911 - 08484 - 18659
2024-06-06,MN,TP. HCM,4,06675 - 47995 - 81903 - 97647 - 91763 - 18809
2024-06-06,MN,TP. HCM,5,51409 - 11361 - 76812
2024-06-06,MN,TP. HCM,6,23200 - 27175 - 88096
2024-06-06,MN,TP. HCM,7,66928 - 01972 - 84723 - 20657
2024-06-06,MN,TP. HCM,8,28715
2024-06-06,MN,Đồng Tháp,ĐB,06467
2024-06-06,MN,Đồng Tháp,1,71471
2024-06-06,MN,Đồng Tháp,2,80908
2024-06-06,MN,Đồng Tháp,3,73100 - 50593 - 51013 - 52147 - 98967 - 63589
2024-06-06,MN,Đồng Tháp,4,12470 - 97104 - 47893 - 24038 - 14587 - 68211
2024-06-06,MN,Đồng Tháp,5,46563 - 13800 - 63099
2024-06-06,MN,Đồng Tháp,6,49050 - 89553 - 16089
2024-06-06,MN,Đồng Tháp,7,37964 - 09308 - 41014 - 99552
2024-06-06,MN,Đồng Tháp,8,32409
2024-06-06,MN,Cà Mau,ĐB,22914
2024-06-06,MN,Cà Mau,1,45691
2024-06-06,MN,Cà Mau,2,06499
2024-06-06,MN,Cà Mau,3,19625 - 25475 - 28143 - 13321 - 24863 - 15280
2024-06-06,MN,Cà Mau,4,54113 - 25974 - 62541 - 89530 - 37213 - 16875
2024-06-06,MN,Cà Mau,5,66907 - 23880 - 73645
2024-06-06,MN,Cà Mau,6,11297 - 02350 - 53664
2024-06-06,MN,Cà Mau,7,97200 - 34385 - 37278 - 56609
2024-06-06,MN,Cà Mau,8,08419
2024-06-07,MB,Hà Nội,ĐB,33363
2024-06-07,MB,Hà Nội,1,72986
2024-06-07,MB,Hà Nội,2,44952
2024-06-07,MB,Hà Nội,3,76561 - 30864 - 75819 - 79245 - 26247 - 19406
2024-06-07,MB,Hà Nội,4,34518 - 15594 - 26537 - 59287 - 12721 - 35489
2024-06-07,MB,Hà Nội,5,25947 - 44590 - 79524
2024-06-07,MB,Hà Nội,6,68849 - 49691 - 65976
2024-06-07,MB,Hà Nội,7,32189 - 20329 - 81646 - 19901
2024-06-07,MT,Đà Nẵng,ĐB,97226
2024-06-07,MT,Đà Nẵng,1,67393
2024-06-07,MT,Đà Nẵng,2,89795
2024-06-07,MT,Đà Nẵng,3,71432 - 38428 - 96503 - 27890 - 92744 - 58204
2024-06-07,MT,Đà Nẵng,4,72046 - 12515 - 63040 - 30566 - 05612 - 63550
2024-06-07,MT,Đà Nẵng,5,86617 - 91346 - 19448
2024-06-07,MT,Đà Nẵng,6,60436 - 51772 - 83386
2024-06-07,MT,Đà Nẵng,7,13269 - 45569 - 32900 - 65499
2024-06-07,MT,Đà Nẵng,8,66347
2024-06-07,MT,Khánh Hòa,ĐB,48050
2024-06-07,MT,Khánh Hòa,1,77452
2024-06-07,MT,Khánh Hòa,2,33293
2024-06-07,MT,Khánh Hòa,3,97070 - 22678 - 88349 - 18989 - 22774 - 14348
2024-06-07,MT,Khánh Hòa,4,48811 - 62999 - 20366 - 95034 - 40699 - 82293
2024-06-07,MT,Khánh Hòa,5,09177 - 75936 - 70283
2024-06-07,MT,Khánh Hòa,6,67915 - 66262 - 36319
2024-06-07,MT,Khánh Hòa,7,43946 - 77738 - 77993 - 58154
2024-06-07,MT,Khánh Hòa,8,43611
2024-06-07,MN,TP. HCM,ĐB,59781
2024-06-07,MN,TP. HCM,1,73861
2024-06-07,MN,TP. HCM,2,90776
2024-06-07,MN,TP. HCM,3,00786 - 90199 - 75267 - 21990 - 55582 - 12200
2024-06-07,MN,TP. HCM,4,49425 - 53387 - 91678 - 59415 - 29526 - 98164
2024-06-07,MN,TP. HCM,5,13896 - 53548 - 06050
2024-06-07,MN,TP. HCM,6,14658 - 49641 - 29367
2024-06-07,MN,TP. HCM,7,53060 - 39294 - 33186 - 77477
2024-06-07,MN,TP. HCM,8,41195
2024-06-07,MN,Đồng Tháp,ĐB,60555
2024-06-07,MN,Đồng Tháp,1,00654
2024-06-07,MN,Đồng Tháp,2,98918
2024-06-07,MN,Đồng Tháp,3,74582 - 84658 - 48185 - 73885 - 37377 - 25559
2024-06-07,MN,Đồng Tháp,4,80330 - 66347 - 21635 - 14638 - 16495 - 04960
2024-06-07,MN,Đồng Tháp,5,85902 - 60383 - 75571
2024-06-07,MN,Đồng Tháp,6,09606 - 63058 - 13084
2024-06-07,MN,Đồng Tháp,7,89446 - 86030 - 09099 - 49915
2024-06-07,MN,Đồng Tháp,8,06934
2024-06-07,MN,Cà Mau,ĐB,41865
2024-06-07,MN,Cà Mau,1,02934
2024-06-07,MN,Cà Mau,2,63314
2024-06-07,MN,Cà Mau,3,78383 - 35781 - 09143 - 76346 - 51094 - 27987
2024-06-07,MN,Cà Mau,4,94704 - 62979 - 65486 - 52239 - 04463 - 19194
2024-06-07,MN,Cà Mau,5,79056 - 45566 - 96239
2024-06-07,MN,Cà Mau,6,03683 - 51342 - 83229
2024-06-07,MN,Cà Mau,7,20834 - 33923 - 38008 - 29663
2024-06-07,MN,Cà Mau,8,34884
2024-06-08,MB,Hà Nội,ĐB,21678
2024-06-08,MB,Hà Nội,1,64991
2024-06-08,MB,Hà Nội,2,83315
2024-06-08,MB,Hà Nội,3,46045 - 35352 - 94216 - 91529 - 77582 - 25688
2024-06-08,MB,Hà Nội,4,11148 - 32637 - 04977 - 85622 - 51617 - 84765
2024-06-08,MB,Hà Nội,5,04622 - 25432 - 37714
2024-06-08,MB,Hà Nội,6,95435 - 55123 - 67613
2024-06-08,MB,Hà Nội,7,09080 - 51373 - 40287 - 67656
2024-06-08,MT,Đà Nẵng,ĐB,27002
2024-06-08,MT,Đà Nẵng,1,76960
2024-06-08,MT,Đà Nẵng,2,95477
2024-06-08,MT,Đà Nẵng,3,68594 - 00767 - 51181 - 41961 - 23888 - 08850
2024-06-08,MT,Đà Nẵng,4,88244 - 77148 - 64133 - 53218 - 93476 - 88345
2024-06-08,MT,Đà Nẵng,5,85302 - 98247 - 85204
2024-06-08,MT,Đà Nẵng,6,86926 - 91220 - 93704
2024-06-08,MT,Đà Nẵng,7,13371 - 77920 - 25599 - 82194
2024-06-08,MT,Đà Nẵng,8,47070
2024-06-08,MT,Khánh Hòa,ĐB,36907
2024-06-08,MT,Khánh Hòa,1,92728
2024-06-08,MT,Khánh Hòa,2,07020
2024-06-08,MT,Khánh Hòa,3,23273 - 21738 - 70118 - 83220 - 01536 - 95694
2024-06-08,MT,Khánh Hòa,4,17825 - 36486 - 06599 - 93271 - 82512 - 50382
2024-06-08,MT,Khánh Hòa,5,14460 - 79254 - 47680
2024-06-08,MT,Khánh Hòa,6,10974 - 83464 - 09172
2024-06-08,MT,Khánh Hòa,7,19892 - 11477 - 04415 - 01307
2024-06-08,MT,Khánh Hòa,8,67323
2024-06-08,MN,TP. HCM,ĐB,92653
2024-06-08,MN,TP. HCM,1,50329
2024-06-08,MN,TP. HCM,2,75536
2024-06-08,MN,TP. HCM,3,68967 - 75677 - 00660 - 61867 - 28363 - 26520
2024-06-08,MN,TP. HCM,4,34988 - 99744 - 03304 - 86599 - 78547 - 04780
2024-06-08,MN,TP. HCM,5,39477 - 03507 - 74071
2024-06-08,MN,TP. HCM,6,04704 - 32668 - 88068
2024-06-08,MN,TP. HCM,7,10626 - 13259 - 79288 - 60729
2024-06-08,MN,TP. HCM,8,50701
2024-06-08,MN,Đồng Tháp,ĐB,97187
2024-06-08,MN,Đồng Tháp,1,43799
2024-06-08,MN,Đồng Tháp,2,67531
2024-06-08,MN,Đồng Tháp,3,69503 - 75161 - 84719 - 30375 - 36670 - 37079
2024-06-08,MN,Đồng Tháp,4,79163 - 73212 - 01581 - 86279 - 08370 - 82162
2024-06-08,MN,Đồng Tháp,5,65077 - 99004 - 96996
2024-06-08,MN,Đồng Tháp,6,18868 - 89866 - 30913
2024-06-08,MN,Đồng Tháp,7,12225 - 92478 - 71587 - 86945
2024-06-08,MN,Đồng Tháp,8,81857
2024-06-08,MN,Cà Mau,ĐB,04875
2024-06-08,MN,Cà Mau,1,12888
2024-06-08,MN,Cà Mau,2,36876
2024-06-08,MN,Cà Mau,3,06720 - 63547 - 45464 - 61623 - 81245 - 99200
2024-06-08,MN,Cà Mau,4,82295 - 47597 - 14111 - 57301 - 23854 - 37566
2024-06-08,MN,Cà Mau,5,04978 - 59062 - 99855
2024-06-08,MN,Cà Mau,6,50540 - 21436 - 50525
2024-06-08,MN,Cà Mau,7,62052 - 26495 - 78011 - 78912
2024-06-08,MN,Cà Mau,8,88522
2024-06-09,MB,Hà Nội,ĐB,17845
2024-06-09,MB,Hà Nội,1,51508
2024-06-09,MB,Hà Nội,2,73972
2024-06-09,MB,Hà Nội,3,69934 - 11147 - 05657 - 45828 - 17516 - 89187
2024-06-09,MB,Hà Nội,4,32660 - 92270 - 04781 - 00568 - 34285 - 83632
2024-06-09,MB,Hà Nội,5,06486 - 63200 - 49473
2024-06-09,MB,Hà Nội,6,66453 - 68111 - 05682
2024-06-09,MB,Hà Nội,7,01135 - 92895 - 19109 - 25501
2024-06-09,MT,Đà Nẵng,ĐB,02613
2024-06-09,MT,Đà Nẵng,1,43751
2024-06-09,MT,Đà Nẵng,2,77644
2024-06-09,MT,Đà Nẵng,3,78547 - 74000 - 48002 - 20634 - 87391 - 82353
2024-06-09,MT,Đà Nẵng,4,37623 - 60867 - 93325 - 84901 - 45630 - 22132
2024-06-09,MT,Đà Nẵng,5,02263 - 61315 - 63913
2024-06-09,MT,Đà Nẵng,6,51902 - 42616 - 98852
2024-06-09,MT,Đà Nẵng,7,63989 - 79054 - 57245 - 88393
2024-06-09,MT,Đà Nẵng,8,75283
2024-06-09,MT,Khánh Hòa,ĐB,72193
2024-06-09,MT,Khánh Hòa,1,00400
2024-06-09,MT,Khánh Hòa,2,03582
2024-06-09,MT,Khánh Hòa,3,41008 - 58971 - 59505 - 68124 - 28467 - 13750
2024-06-09,MT,Khánh Hòa,4,31798 - 90306 - 26226 - 62531 - 57590 - 32011
2024-06-09,MT,Khánh Hòa,5,85167 - 43461 - 94057
2024-06-09,MT,Khánh Hòa,6,29024 - 75134 - 65176
2024-06-09,MT,Khánh Hòa,7,52031 - 54729 - 53381 - 28104
2024-06-09,MT,Khánh Hòa,8,42279
2024-06-09,MN,TP. HCM,ĐB,17713
2024-06-09,MN,TP. HCM,1,77595
2024-06-09,MN,TP. HCM,2,58336
2024-06-09,MN,TP. HCM,3,87533 - 39835 - 88976 - 66493 - 30853 - 08561
2024-06-09,MN,TP. HCM,4,66170 - 34511 - 09737 - 48004 - 91917 - 49427
2024-06-09,MN,TP. HCM,5,60794 - 26452 - 95627
2024-06-09,MN,TP. HCM,6,75931 - 85605 - 62812
2024-06-09,MN,TP. HCM,7,86142 - 50958 - 44570 - 01536
2024-06-09,MN,TP. HCM,8,80342
2024-06-09,MN,Đồng Tháp,ĐB,83219
2024-06-09,MN,Đồng Tháp,1,01279
2024-06-09,MN,Đồng Tháp,2,12642
2024-06-09,MN,Đồng Tháp,3,67808 - 89058 - 98200 - 59434 - 37694 - 13481
2024-06-09,MN,Đồng Tháp,4,98189 - 78340 - 49545 - 86424 - 42174 - 46760
2024-06-09,MN,Đồng Tháp,5,31415 - 96905 - 88733
2024-06-09,MN,Đồng Tháp,6,89345 - 69689 - 65932
2024-06-09,MN,Đồng Tháp,7,96679 - 61327 - 58137 - 44363
2024-06-09,MN,Đồng Tháp,8,94884
2024-06-09,MN,Cà Mau,ĐB,79525
2024-06-09,MN,Cà Mau,1,21146
2024-06-09,MN,Cà Mau,2,26275
2024-06-09,MN,Cà Mau,3,75619 - 28888 - 87061 - 75870 - 83592 - 62778
2024-06-09,MN,Cà Mau,4,30065 - 70161 - 07356 - 48919 - 95168 - 48136
2024-06-09,MN,Cà Mau,5,50134 - 98771 - 60878
2024-06-09,MN,Cà Mau,6,86589 - 41045 - 38296
2024-06-09,MN,Cà Mau,7,13408 - 04566 - 39993 - 87447
2024-06-09,MN,Cà Mau,8,57279
2024-06-10,MB,Hà Nội,ĐB,79476
2024-06-10,MB,Hà Nội,1,73534
2024-06-10,MB,Hà Nội,2,96013
2024-06-10,MB,Hà Nội,3,66209 - 89496 - 43236 - 46428 - 89362 - 11236
2024-06-10,MB,Hà Nội,4,98093 - 98631 - 42231 - 14098 - 52179 - 18642
2024-06-10,MB,Hà Nội,5,77994 - 73209 - 99386
2024-06-10,MB,Hà Nội,6,73574 - 16993 - 02620
2024-06-10,MB,Hà Nội,7,44810 - 17626 - 11125 - 71829
2024-06-10,MT,Đà Nẵng,ĐB,58341
2024-06-10,MT,Đà Nẵng,1,17433
2024-06-10,MT,Đà Nẵng,2,43851
2024-06-10,MT,Đà Nẵng,3,01435 - 52880 - 34340 - 02986 - 59337 - 08923
2024-06-10,MT,Đà Nẵng,4,66570 - 77122 - 90682 - 85743 - 33596 - 80751
2024-06-10,MT,Đà Nẵng,5,55786 - 56095 - 73862
2024-06-10,MT,Đà Nẵng,6,54043 - 50999 - 06365
2024-06-10,MT,Đà Nẵng,7,38802 - 34616 - 32186 - 64584
2024-06-10,MT,Đà Nẵng,8,49853
2024-06-10,MT,Khánh Hòa,ĐB,39478
2024-06-10,MT,Khánh Hòa,1,44658
2024-06-10,MT,Khánh Hòa,2,52155
2024-06-10,MT,Khánh Hòa,3,76350 - 36682 - 30930 - 32892 - 79579 - 87092
2024-06-10,MT,Khánh Hòa,4,55448 - 15931 - 51572 - 68592 - 15831 - 98605
2024-06-10,MT,Khánh Hòa,5,32384 - 27446 - 90215
2024-06-10,MT,Khánh Hòa,6,99898 - 10827 - 58337
2024-06-10,MT,Khánh Hòa,7,69051 - 68822 - 08040 - 01122
2024-06-10,MT,Khánh Hòa,8,42768
2024-06-10,MN,TP. HCM,ĐB,73965
2024-06-10,MN,TP. HCM,1,23034
2024-06-10,MN,TP. HCM,2,13441
2024-06-10,MN,TP. HCM,3,06447 - 18116 - 30630 - 73830 - 66593 - 67388
2024-06-10,MN,TP. HCM,4,58125 - 00845 - 25773 - 25366 - 54065 - 94773
2024-06-10,MN,TP. HCM,5,97720 - 67331 - 79146
2024-06-10,MN,TP. HCM,6,59373 - 96744 - 26218
2024-06-10,MN,TP. HCM,7,99309 - 43557 - 53800 - 71071
2024-06-10,MN,TP. HCM,8,06337
2024-06-10,MN,Đồng Tháp,ĐB,92723
2024-06-10,MN,Đồng Tháp,1,22963
2024-06-10,MN,Đồng Tháp,2,52602
2024-06-10,MN,Đồng Tháp,3,00095 - 49615 - 51625 - 47752 - 31029 - 57849
2024-06-10,MN,Đồng Tháp,4,89441 - 41295 - 57102 - 40867 - 46204 - 85922
2024-06-10,MN,Đồng Tháp,5,75960 - 06212 - 21901
2024-06-10,MN,Đồng Tháp,6,39476 - 47767 - 88932
2024-06-10,MN,Đồng Tháp,7,58847 - 60485 - 67794 - 70929
2024-06-10,MN,Đồng Tháp,8,17176
2024-06-10,MN,Cà Mau,ĐB,04275
2024-06-10,MN,Cà Mau,1,14198
2024-06-10,MN,Cà Mau,2,96275
2024-06-10,MN,Cà Mau,3,38651 - 07474 - 14747 - 69140 - 68587 - 43521
2024-06-10,MN,Cà Mau,4,69330 - 92112 - 24698 - 26212 - 65861 - 82521
2024-06-10,MN,Cà Mau,5,69663 - 70627 - 55512
2024-06-10,MN,Cà Mau,6,70460 - 86564 - 56001
2024-06-10,MN,Cà Mau,7,44606 - 69877 - 90789 - 28606
2024-06-10,MN,Cà Mau,8,45660
2024-06-11,MB,Hà Nội,ĐB,40221
2024-06-11,MB,Hà Nội,1,05710
2024-06-11,MB,Hà Nội,2,51228
2024-06-11,MB,Hà Nội,3,92524 - 23008 - 46065 - 61429 - 55632 - 37509
2024-06-11,MB,Hà Nội,4,03830 - 62152 - 68746 - 55989 - 56052 - 27218
2024-06-11,MB,Hà Nội,5,59325 - 02815 - 11293
2024-06-11,MB,Hà Nội,6,75325 - 16479 - 09928
2024-06-11,MB,Hà Nội,7,15521 - 11537 - 76009 - 55291
2024-06-11,MT,Đà Nẵng,ĐB,60970
2024-06-11,MT,Đà Nẵng,1,08171
2024-06-11,MT,Đà Nẵng,2,98449
2024-06-11,MT,Đà Nẵng,3,71829 - 59511 - 92990 - 32083 - 03170 - 23765
2024-06-11,MT,Đà Nẵng,4,98249 - 74694 - 49402 - 03583 - 56693 - 05825
2024-06-11,MT,Đà Nẵng,5,02516 - 12747 - 22358
2024-06-11,MT,Đà Nẵng,6,38069 - 31217 - 67987
2024-06-11,MT,Đà Nẵng,7,01163 - 53852 - 20846 - 00460
2024-06-11,MT,Đà Nẵng,8,82962
2024-06-11,MT,Khánh Hòa,ĐB,71052
2024-06-11,MT,Khánh Hòa,1,69416
2024-06-11,MT,Khánh Hòa,2,23600
2024-06-11,MT,Khánh Hòa,3,67063 - 54255 - 46664 - 54289 - 92847 - 75636
2024-06-11,MT,Khánh Hòa,4,40064 - 40829 - 15460 - 13600 - 36041 - 99433
2024-06-11,MT,Khánh Hòa,5,80202 - 85098 - 20291
2024-06-11,MT,Khánh Hòa,6,60045 - 63921 - 69080
2024-06-11,MT,Khánh Hòa,7,33686 - 32482 - 28333 - 54063
2024-06-11,MT,Khánh Hòa,8,27959
2024-06-11,MN,TP. HCM,ĐB,35713
2024-06-11,MN,TP. HCM,1,15794
2024-06-11,MN,TP. HCM,2,06843
2024-06-11,MN,TP. HCM,3,80061 - 96793 - 95610 - 55587 - 66356 - 16105
2024-06-11,MN,TP. HCM,4,79692 - 41562 - 25800 - 19118 - 84196 - 74916
2024-06-11,MN,TP. HCM,5,00599 - 90061 - 55729
2024-06-11,MN,TP. HCM,6,16331 - 24915 - 58916
2024-06-11,MN,TP. HCM,7,70827 - 31824 - 63171 - 33537
2024-06-11,MN,TP. HCM,8,46979
2024-06-11,MN,Đồng Tháp,ĐB,35025
2024-06-11,MN,Đồng Tháp,1,94705
2024-06-11,MN,Đồng Tháp,2,06736
2024-06-11,MN,Đồng Tháp,3,82025 - 02761 - 70364 - 03050 - 84187 - 02713
2024-06-11,MN,Đồng Tháp,4,25889 - 21976 - 68932 - 27219 - 57576 - 03411
2024-06-11,MN,Đồng Tháp,5,61722 - 83996 - 72057
2024-06-11,MN,Đồng Tháp,6,29849 - 56355 - 94568
2024-06-11,MN,Đồng Tháp,7,11288 - 68613 - 67299 - 00990
2024-06-11,MN,Đồng Tháp,8,94293
2024-06-11,MN,Cà Mau,ĐB,99000
2024-06-11,MN,Cà Mau,1,34006
2024-06-11,MN,Cà Mau,2,30349
2024-06-11,MN,Cà Mau,3,10262 - 95546 - 23932 - 59686 - 05018 - 59072
2024-06-11,MN,Cà Mau,4,79191 - 68575 - 81270 - 12409 - 10980 - 05773
2024-06-11,MN,Cà Mau,5,55154 - 36809 - 28012
2024-06-11,MN,Cà Mau,6,02893 - 78638 - 28355
2024-06-11,MN,Cà Mau,7,48033 - 89943 - 48935 - 92260
2024-06-11,MN,Cà Mau,8,45288
2024-06-12,MB,Hà Nội,ĐB,42861
2024-06-12,MB,Hà Nội,1,48600
2024-06-12,MB,Hà Nội,2,96119
2024-06-12,MB,Hà Nội,3,50270 - 83149 - 32671 - 70190 - 02493 - 15249
2024-06-12,MB,Hà Nội,4,32281 - 35940 - 66038 - 01609 - 06241 - 38365
2024-06-12,MB,Hà Nội,5,87682 - 75151 - 50736
2024-06-12,MB,Hà Nội,6,87673 - 31556 - 30959
2024-06-12,MB,Hà Nội,7,02774 - 75646 - 20726 - 12073
2024-06-12,MT,Đà Nẵng,ĐB,37747
2024-06-12,MT,Đà Nẵng,1,71176
2024-06-12,MT,Đà Nẵng,2,45016
2024-06-12,MT,Đà Nẵng,3,93501 - 32865 - 09411 - 11293 - 22532 - 96395
2024-06-12,MT,Đà Nẵng,4,33449 - 83981 - 73602 - 25534 - 33163 - 39892
2024-06-12,MT,Đà Nẵng,5,04628 - 92737 - 89254
2024-06-12,MT,Đà Nẵng,6,92898 - 67114 - 34624
2024-06-12,MT,Đà Nẵng,7,52640 - 40400 - 57074 - 21504
2024-06-12,MT,Đà Nẵng,8,98853
2024-06-12,MT,Khánh Hòa,ĐB,66571
2024-06-12,MT,Khánh Hòa,1,07697
2024-06-12,MT,Khánh Hòa,2,92979
2024-06-12,MT,Khánh Hòa,3,67283 - 73112 - 68104 - 91157 - 67154 - 79232
2024-06-12,MT,Khánh Hòa,4,95340 - 07573 - 96030 - 08023 - 61058 - 75057
2024-06-12,MT,Khánh Hòa,5,45631 - 16510 - 13855
2024-06-12,MT,Khánh Hòa,6,07088 - 27696 - 41754
2024-06-12,MT,Khánh Hòa,7,78331 - 87985 - 35369 - 66854
2024-06-12,MT,Khánh Hòa,8,63036
2024-06-12,MN,TP. HCM,ĐB,53422
2024-06-12,MN,TP. HCM,1,80767
2024-06-12,MN,TP. HCM,2,46020
2024-06-12,MN,TP. HCM,3,35142 - 11249 - 25886 - 17655 - 74851 - 20548
2024-06-12,MN,TP. HCM,4,76099 - 77364 - 52127 - 42198 - 17047 - 44520
2024-06-12,MN,TP. HCM,5,13765 - 61764 - 01147
2024-06-12,MN,TP. HCM,6,94860 - 74925 - 46064
2024-06-12,MN,TP. HCM,7,24468 - 12213 - 72964 - 65022
2024-06-12,MN,TP. HCM,8,32353
2024-06-12,MN,Đồng Tháp,ĐB,91487
2024-06-12,MN,Đồng Tháp,1,82115
2024-06-12,MN,Đồng Tháp,2,53652
2024-06-12,MN,Đồng Tháp,3,89302 - 99764 - 17957 - 41566 - 20741 - 39241
2024-06-12,MN,Đồng Tháp,4,04919 - 54615 - 80939 - 07693 - 99839 - 36060
2024-06-12,MN,Đồng Tháp,5,00342 - 15821 - 84714
2024-06-12,MN,Đồng Tháp,6,90910 - 15345 - 66688
2024-06-12,MN,Đồng Tháp,7,65235 - 29830 - 98580 - 87251
2024-06-12,MN,Đồng Tháp,8,14850
2024-06-12,MN,Cà Mau,ĐB,53899
2024-06-12,MN,Cà Mau,1,20222
2024-06-12,MN,Cà Mau,2,15898
2024-06-12,MN,Cà Mau,3,59834 - 00464 - 98087 - 29694 - 45742 - 74572
2024-06-12,MN,Cà Mau,4,62755 - 03003 - 30819 - 69133 - 20162 - 12236
2024-06-12,MN,Cà Mau,5,82614 - 79783 - 35579
2024-06-12,MN,Cà Mau,6,86048 - 68259 - 83430
2024-06-12,MN,Cà Mau,7,12628 - 45985 - 59985 - 91335
2024-06-12,MN,Cà Mau,8,53856
2024-06-13,MB,Hà Nội,ĐB,59588
2024-06-13,MB,Hà Nội,1,63511
2024-06-13,MB,Hà Nội,2,68684
2024-06-13,MB,Hà Nội,3,17948 - 32201 - 53325 - 06775 - 20132 - 33011
2024-06-13,MB,Hà Nội,4,55490 - 02534 - 55753 - 94810 - 34215 - 02687
2024-06-13,MB,Hà Nội,5,01325 - 56426 - 65644
2024-06-13,MB,Hà Nội,6,28856 - 01103 - 02073
2024-06-13,MB,Hà Nội,7,24982 - 87861 - 29118 - 99304
2024-06-13,MT,Đà Nẵng,ĐB,90591
2024-06-13,MT,Đà Nẵng,1,48214
2024-06-13,MT,Đà Nẵng,2,42164
2024-06-13,MT,Đà Nẵng,3,10360 - 55228 - 57927 - 28167 - 68390 - 16993
2024-06-13,MT,Đà Nẵng,4,58218 - 66934 - 32135 - 10594 - 45557 - 71598
2024-06-13,MT,Đà Nẵng,5,05211 - 39397 - 01534
2024-06-13,MT,Đà Nẵng,6,41263 - 56617 - 94402
2024-06-13,MT,Đà Nẵng,7,05594 - 00599 - 43955 - 74719
2024-06-13,MT,Đà Nẵng,8,93278
2024-06-13,MT,Khánh Hòa,ĐB,46196
2024-06-13,MT,Khánh Hòa,1,02913
2024-06-13,MT,Khánh Hòa,2,36640
2024-06-13,MT,Khánh Hòa,3,91343 - 13145 - 29447 - 36432 - 77337 - 40404
2024-06-13,MT,Khánh Hòa,4,06841 - 55703 - 99609 - 25084 - 25866 - 95820
2024-06-13,MT,Khánh Hòa,5,71499 - 63000 - 60815
2024-06-13,MT,Khánh Hòa,6,46907 - 21405 - 94538
2024-06-13,MT,Khánh Hòa,7,30441 - 84195 - 55550 - 67853
2024-06-13,MT,Khánh Hòa,8,72074
2024-06-13,MN,TP. HCM,ĐB,15687
2024-06-13,MN,TP. HCM,1,75392
2024-06-13,MN,TP. HCM,2,81617
2024-06-13,MN,TP. HCM,3,55161 - 01986 - 83373 - 54307 - 74953 - 80727
2024-06-13,MN,TP. HCM,4,99365 - 11378 - 12461 - 33402 - 85657 - 48992
2024-06-13,MN,TP. HCM,5,65872 - 36712 - 75767
2024-06-13,MN,TP. HCM,6,81153 - 63812 - 72022
2024-06-13,MN,TP. HCM,7,50055 - 26508 - 52554 - 93252
2024-06-13,MN,TP. HCM,8,11089
2024-06-13,MN,Đồng Tháp,ĐB,32217
2024-06-13,MN,Đồng Tháp,1,80773
2024-06-13,MN,Đồng Tháp,2,89541
2024-06-13,MN,Đồng Tháp,3,02497 - 85870 - 10084 - 72633 - 52566 - 51304
2024-06-13,MN,Đồng Tháp,4,25100 - 59388 - 58058 - 12888 - 11917 - 06500
2024-06-13,MN,Đồng Tháp,5,10140 - 32661 - 79880
2024-06-13,MN,Đồng Tháp,6,08476 - 36377 - 25888
2024-06-13,MN,Đồng Tháp,7,63053 - 31678 - 97406 - 99551
2024-06-13,MN,Đồng Tháp,8,19736
2024-06-13,MN,Cà Mau,ĐB,47824
2024-06-13,MN,Cà Mau,1,27339
2024-06-13,MN,Cà Mau,2,92377
2024-06-13,MN,Cà Mau,3,23709 - 72018 - 53770 - 06179 - 06499 - 52217
2024-06-13,MN,Cà Mau,4,06393 - 53848 - 17912 - 28625 - 16268 - 39073
2024-06-13,MN,Cà Mau,5,63859 - 84572 - 52454
2024-06-13,MN,Cà Mau,6,61726 - 44841 - 74273
2024-06-13,MN,Cà Mau,7,40908 - 24273 - 15579 - 55128
2024-06-13,MN,Cà Mau,8,39725
2024-06-14,MB,Hà Nội,ĐB,86866
2024-06-14,MB,Hà Nội,1,25911
2024-06-14,MB,Hà Nội,2,32735
2024-06-14,MB,Hà Nội,3,46693 - 86719 - 62146 - 35759 - 71880 - 91110
2024-06-14,MB,Hà Nội,4,18328 - 08032 - 43696 - 62756 - 02219 - 50546
2024-06-14,MB,Hà Nội,5,91856 - 92295 - 17975
2024-06-14,MB,Hà Nội,6,38272 - 42147 - 09676
2024-06-14,MB,Hà Nội,7,91898 - 57370 - 97903 - 02341
2024-06-14,MT,Đà Nẵng,ĐB,47121
2024-06-14,MT,Đà Nẵng,1,57811
2024-06-14,MT,Đà Nẵng,2,18881
2024-06-14,MT,Đà Nẵng,3,77277 - 49566 - 74110 - 29229 - 41512 - 23162
2024-06-14,MT,Đà Nẵng,4,94420 - 81860 - 57723 - 13533 - 97910 - 18369
2024-06-14,MT,Đà Nẵng,5,36104 - 17420 - 98827
2024-06-14,MT,Đà Nẵng,6,42921 - 63429 - 60461
2024-06-14,MT,Đà Nẵng,7,45907 - 20156 - 73500 - 06583
2024-06-14,MT,Đà Nẵng,8,47971
2024-06-14,MT,Khánh Hòa,ĐB,17340
2024-06-14,MT,Khánh Hòa,1,87954
2024-06-14,MT,Khánh Hòa,2,76682
2024-06-14,MT,Khánh Hòa,3,51506 - 07814 - 97371 - 42294 - 38016 - 49421
2024-06-14,MT,Khánh Hòa,4,43448 - 48219 - 50769 - 30829 - 28939 - 71095
2024-06-14,MT,Khánh Hòa,5,78920 - 57209 - 78510
2024-06-14,MT,Khánh Hòa,6,40823 - 30775 - 56642
2024-06-14,MT,Khánh Hòa,7,53233 - 92217 - 70030 - 01122
2024-06-14,MT,Khánh Hòa,8,78606
2024-06-14,MN,TP. HCM,ĐB,76143
2024-06-14,MN,TP. HCM,1,02271
2024-06-14,MN,TP. HCM,2,46878
2024-06-14,MN,TP. HCM,3,04326 - 74267 - 35337 - 82144 - 87383 - 39593
2024-06-14,MN,TP. HCM,4,90186 - 94656 - 47936 - 45862 - 13291 - 33364
2024-06-14,MN,TP. HCM,5,63887 - 76012 - 15223
2024-06-14,MN,TP. HCM,6,79064 - 75052 - 27131
2024-06-14,MN,TP. HCM,7,55745 - 67487 - 08136 - 78917
2024-06-14,MN,TP. HCM,8,91134
2024-06-14,MN,Đồng Tháp,ĐB,42305
2024-06-14,MN,Đồng Tháp,1,22500
2024-06-14,MN,Đồng Tháp,2,68794
2024-06-14,MN,Đồng Tháp,3,47514 - 67845 - 36175 - 86782 - 48586 - 95142
2024-06-14,MN,Đồng Tháp,4,97283 - 62280 - 24493 - 71777 - 58533 - 55158
2024-06-14,MN,Đồng Tháp,5,82909 - 44617 - 60367
2024-06-14,MN,Đồng Tháp,6,34212 - 86615 - 66296
2024-06-14,MN,Đồng Tháp,7,35779 - 13691 - 39623 - 52752
2024-06-14,MN,Đồng Tháp,8,61033
2024-06-14,MN,Cà Mau,ĐB,08863
2024-06-14,MN,Cà Mau,1,89460
2024-06-14,MN,Cà Mau,2,97576
2024-06-14,MN,Cà Mau,3,52702 - 88483 - 98097 - 71263 - 30520 - 18295
2024-06-14,MN,Cà Mau,4,04925 - 52025 - 57216 - 55493 - 55430 - 59373
2024-06-14,MN,Cà Mau,5,07182 - 05526 - 74114
2024-06-14,MN,Cà Mau,6,61821 - 69497 - 36448
2024-06-14,MN,Cà Mau,7,70968 - 68244 - 01093 - 37238
2024-06-14,MN,Cà Mau,8,89961
2024-06-15,MB,Hà Nội,ĐB,97497
2024-06-15,MB,Hà Nội,1,31321
2024-06-15,MB,Hà Nội,2,56234
2024-06-15,MB,Hà Nội,3,84603 - 06063 - 94166 - 14738 - 35974 - 03250
2024-06-15,MB,Hà Nội,4,37348 - 73631 - 31692 - 03632 - 87300 - 51682
2024-06-15,MB,Hà Nội,5,74820 - 07928 - 88368
2024-06-15,MB,Hà Nội,6,99614 - 54234 - 40883
2024-06-15,MB,Hà Nội,7,80651 - 44241 - 28774 - 51650
2024-06-15,MT,Đà Nẵng,ĐB,52674
2024-06-15,MT,Đà Nẵng,1,24698
2024-06-15,MT,Đà Nẵng,2,63645
2024-06-15,MT,Đà Nẵng,3,68626 - 03655 - 76777 - 08980 - 26811 - 05514
2024-06-15,MT,Đà Nẵng,4,27960 - 93787 - 03625 - 65504 - 49720 - 64512
2024-06-15,MT,Đà Nẵng,5,99526 - 06598 - 51832
2024-06-15,MT,Đà Nẵng,6,77666 - 89312 - 22046
2024-06-15,MT,Đà Nẵng,7,25563 - 51891 - 31955 - 86549
2024-06-15,MT,Đà Nẵng,8,65877
2024-06-15,MT,Khánh Hòa,ĐB,57230
2024-06-15,MT,Khánh Hòa,1,99086
2024-06-15,MT,Khánh Hòa,2,25625
2024-06-15,MT,Khánh Hòa,3,15544 - 24886 - 94056 - 11199 - 78699 - 06835
2024-06-15,MT,Khánh Hòa,4,27652 - 34160 - 52833 - 70545 - 29538 - 47608
2024-06-15,MT,Khánh Hòa,5,97751 - 12655 - 04702
2024-06-15,MT,Khánh Hòa,6,08446 - 91813 - 96962
2024-06-15,MT,Khánh Hòa,7,45456 - 58002 - 57885 - 08205
2024-06-15,MT,Khánh Hòa,8,20022
2024-06-15,MN,TP. HCM,ĐB,74382
2024-06-15,MN,TP. HCM,1,48012
2024-06-15,MN,TP. HCM,2,96440
2024-06-15,MN,TP. HCM,3,37895 - 38870 - 20326 - 89660 - 34034 - 25479
2024-06-15,MN,TP. HCM,4,65281 - 51435 - 97063 - 80775 - 73862 - 22187
2024-06-15,MN,TP. HCM,5,34081 - 95621 - 78300
2024-06-15,MN,TP. HCM,6,11738 - 32848 - 76975
2024-06-15,MN,TP. HCM,7,01942 - 79151 - 55312 - 57258
2024-06-15,MN,TP. HCM,8,05121
2024-06-15,MN,Đồng Tháp,ĐB,90304
2024-06-15,MN,Đồng Tháp,1,22606
2024-06-15,MN,Đồng Tháp,2,77835
2024-06-15,MN,Đồng Tháp,3,23424 - 50570 - 76284 - 84795 - 43510 - 53212
2024-06-15,MN,Đồng Tháp,4,87307 - 94263 - 71702 - 76970 - 04755 - 48311
2024-06-15,MN,Đồng Tháp,5,94399 - 35822 - 28610
2024-06-15,MN,Đồng Tháp,6,92807 - 08652 - 69025
2024-06-15,MN,Đồng Tháp,7,36375 - 20836 - 79523 - 82982
2024-06-15,MN,Đồng Tháp,8,29306
2024-06-15,MN,Cà Mau,ĐB,46712
2024-06-15,MN,Cà Mau,1,09444
2024-06-15,MN,Cà Mau,2,71911
2024-06-15,MN,Cà Mau,3,76055 - 61219 - 46557 - 63149 - 07626 - 05187
2024-06-15,MN,Cà Mau,4,26219 - 57956 - 44590 - 79495 - 06994 - 25658
2024-06-15,MN,Cà Mau,5,90295 - 31800 - 38653
2024-06-15,MN,Cà Mau,6,85597 - 98615 - 74306
2024-06-15,MN,Cà Mau,7,76169 - 98056 - 03027 - 58914
2024-06-15,MN,Cà Mau,8,18549
2024-06-16,MB,Hà Nội,ĐB,49380
2024-06-16,MB,Hà Nội,1,89734
2024-06-16,MB,Hà Nội,2,79125
2024-06-16,MB,Hà Nội,3,31313 - 66077 - 89475 - 47501 - 60861 - 89318
2024-06-16,MB,Hà Nội,4,68503 - 39091 - 26723 - 30023 - 75314 - 96579
2024-06-16,MB,Hà Nội,5,99300 - 14958 - 11582
2024-06-16,MB,Hà Nội,6,45325 - 89601 - 47498
2024-06-16,MB,Hà Nội,7,55718 - 11184 - 28090 - 55059
2024-06-16,MT,Đà Nẵng,ĐB,66021
2024-06-16,MT,Đà Nẵng,1,16065
2024-06-16,MT,Đà Nẵng,2,52631
2024-06-16,MT,Đà Nẵng,3,02779 - 17479 - 99539 - 94262 - 88942 - 74495
2024-06-16,MT,Đà Nẵng,4,11293 - 08323 - 27372 - 08581 - 44521 - 09513
2024-06-16,MT,Đà Nẵng,5,40051 - 28528 - 36565
2024-06-16,MT,Đà Nẵng,6,67694 - 35423 - 46896
2024-06-16,MT,Đà Nẵng,7,12759 - 67878 - 33039 - 04050
2024-06-16,MT,Đà Nẵng,8,49351
2024-06-16,MT,Khánh Hòa,ĐB,63045
2024-06-16,MT,Khánh Hòa,1,36420
2024-06-16,MT,Khánh Hòa,2,81943
2024-06-16,MT,Khánh Hòa,3,40480 - 78534 - 42506 - 15806 - 72921 - 97712
2024-06-16,MT,Khánh Hòa,4,22938 - 21622 - 77794 - 62391 - 62710 - 81153
2024-06-16,MT,Khánh Hòa,5,72663 - 81276 - 10085
2024-06-16,MT,Khánh Hòa,6,62875 - 46043 - 09699
2024-06-16,MT,Khánh Hòa,7,62660 - 01048 - 57526 - 98281
2024-06-16,MT,Khánh Hòa,8,72474
2024-06-16,MN,TP. HCM,ĐB,54251
2024-06-16,MN,TP. HCM,1,14372
2024-06-16,MN,TP. HCM,2,76091
2024-06-16,MN,TP. HCM,3,62902 - 43350 - 42965 - 51040 - 27111 - 09084
2024-06-16,MN,TP. HCM,4,79983 - 63317 - 95535 - 24525 - 57210 - 40776
2024-06-16,MN,TP. HCM,5,36810 - 04114 - 31790
2024-06-16,MN,TP. HCM,6,91429 - 60812 - 30724
2024-06-16,MN,TP. HCM,7,51651 - 45286 - 22237 - 65909
2024-06-16,MN,TP. HCM,8,62303
2024-06-16,MN,Đồng Tháp,ĐB,58614
2024-06-16,MN,Đồng Tháp,1,43389
2024-06-16,MN,Đồng Tháp,2,13525
2024-06-16,MN,Đồng Tháp,3,19098 - 35529 - 91104 - 61195 - 26323 - 86925
2024-06-16,MN,Đồng Tháp,4,68564 - 84031 - 04206 - 19089 - 96392 - 93886
2024-06-16,MN,Đồng Tháp,5,76314 - 70299 - 73975
2024-06-16,MN,Đồng Tháp,6,76026 - 10170 - 67029
2024-06-16,MN,Đồng Tháp,7,30279 - 95427 - 39426 - 87936
2024-06-16,MN,Đồng Tháp,8,30156
2024-06-16,MN,Cà Mau,ĐB,01534
2024-06-16,MN,Cà Mau,1,08690
2024-06-16,MN,Cà Mau,2,81009
2024-06-16,MN,Cà Mau,3,52201 - 50826 - 34892 - 88988 - 15074 - 62309
2024-06-16,MN,Cà Mau,4,31306 - 89435 - 48685 - 69440 - 79224 - 59954
2024-06-16,MN,Cà Mau,5,56454 - 86292 - 41515
2024-06-16,MN,Cà Mau,6,42933 - 47885 - 89635
2024-06-16,MN,Cà Mau,7,08661 - 57939 - 29630 - 39813
2024-06-16,MN,Cà Mau,8,09278
2024-06-17,MB,Hà Nội,ĐB,51286
2024-06-17,MB,Hà Nội,1,09207
2024-06-17,MB,Hà Nội,2,51863
2024-06-17,MB,Hà Nội,3,97550 - 41458 - 19463 - 74329 - 76321 - 25706
2024-06-17,MB,Hà Nội,4,54207 - 76267 - 22606 - 26465 - 79838 - 32095
2024-06-17,MB,Hà Nội,5,17041 - 45183 - 74654
2024-06-17,MB,Hà Nội,6,77502 - 29662 - 02727
2024-06-17,MB,Hà Nội,7,30586 - 42250 - 97907 - 00369
2024-06-17,MT,Đà Nẵng,ĐB,34323
2024-06-17,MT,Đà Nẵng,1,84413
2024-06-17,MT,Đà Nẵng,2,05032
2024-06-17,MT,Đà Nẵng,3,44534 - 31440 - 87957 - 11960 - 54127 - 99881
2024-06-17,MT,Đà Nẵng,4,74007 - 59819 - 63785 - 89395 - 90601 - 64656
2024-06-17,MT,Đà Nẵng,5,36083 - 06373 - 83252
2024-06-17,MT,Đà Nẵng,6,35044 - 27890 - 15027
2024-06-17,MT,Đà Nẵng,7,09930 - 10054 - 72248 - 15834
2024-06-17,MT,Đà Nẵng,8,90247
2024-06-17,MT,Khánh Hòa,ĐB,44039
2024-06-17,MT,Khánh Hòa,1,23717
2024-06-17,MT,Khánh Hòa,2,06415
2024-06-17,MT,Khánh Hòa,3,94477 - 64244 - 09724 - 29015 - 07909 - 75418
2024-06-17,MT,Khánh Hòa,4,50726 - 14896 - 10055 - 20082 - 81548 - 59240
2024-06-17,MT,Khánh Hòa,5,76379 - 90515 - 09431
2024-06-17,MT,Khánh Hòa,6,54153 - 55194 - 21767
2024-06-17,MT,Khánh Hòa,7,00343 - 04424 - 47067 - 47502
2024-06-17,MT,Khánh Hòa,8,06918
2024-06-17,MN,TP. HCM,ĐB,22512
2024-06-17,MN,TP. HCM,1,74739
2024-06-17,MN,TP. HCM,2,28222
2024-06-17,MN,TP. HCM,3,29447 - 51759 - 33731 - 89787 - 05837 - 75669
2024-06-17,MN,TP. HCM,4,41738 - 46414 - 58647 - 04579 - 75587 - 15029
2024-06-17,MN,TP. HCM,5,77564 - 99793 - 32269
2024-06-17,MN,TP. HCM,6,20545 - 69267 - 37060
2024-06-17,MN,TP. HCM,7,78895 - 34025 - 67178 - 58805
2024-06-17,MN,TP. HCM,8,50961
2024-06-17,MN,Đồng Tháp,ĐB,39783
2024-06-17,MN,Đồng Tháp,1,07206
2024-06-17,MN,Đồng Tháp,2,23126
2024-06-17,MN,Đồng Tháp,3,50637 - 85459 - 75999 - 70072 - 56929 - 91586
2024-06-17,MN,Đồng Tháp,4,46446 - 72116 - 79187 - 30809 - 62285 - 97289
2024-06-17,MN,Đồng Tháp,5,25798 - 53276 - 23588
2024-06-17,MN,Đồng Tháp,6,64975 - 11608 - 82963
2024-06-17,MN,Đồng Tháp,7,34010 - 78794 - 91888 - 53844
2024-06-17,MN,Đồng Tháp,8,73114
2024-06-17,MN,Cà Mau,ĐB,31998
2024-06-17,MN,Cà Mau,1,92260
2024-06-17,MN,Cà Mau,2,09038
2024-06-17,MN,Cà Mau,3,69606 - 29915 - 35983 - 27233 - 26410 - 49184
2024-06-17,MN,Cà Mau,4,74891 - 33052 - 83840 - 86871 - 69337 - 25764
2024-06-17,MN,Cà Mau,5,66383 - 16145 - 70951
2024-06-17,MN,Cà Mau,6,35980 - 94145 - 86410
2024-06-17,MN,Cà Mau,7,53072 - 55297 - 47650 - 07179
2024-06-17,MN,Cà Mau,8,72588
2024-06-18,MB,Hà Nội,ĐB,26331
2024-06-18,MB,Hà Nội,1,45861
2024-06-18,MB,Hà Nội,2,39259
2024-06-18,MB,Hà Nội,3,28855 - 10559 - 28550 - 58130 - 05745 - 98267
2024-06-18,MB,Hà Nội,4,20031 - 66290 - 90785 - 68122 - 66067 - 68097
2024-06-18,MB,Hà Nội,5,72974 - 05840 - 05294
2024-06-18,MB,Hà Nội,6,34859 - 77508 - 79031
2024-06-18,MB,Hà Nội,7,72740 - 32457 - 06129 - 56021
2024-06-18,MT,Đà Nẵng,ĐB,06079
2024-06-18,MT,Đà Nẵng,1,72723
2024-06-18,MT,Đà Nẵng,2,04257
2024-06-18,MT,Đà Nẵng,3,43571 - 80581 - 52523 - 90788 - 58783 - 46271
2024-06-18,MT,Đà Nẵng,4,74335 - 77159 - 56719 - 07034 - 38527 - 39038
2024-06-18,MT,Đà Nẵng,5,93763 - 86785 - 95000
2024-06-18,MT,Đà Nẵng,6,04044 - 14732 - 96268
2024-06-18,MT,Đà Nẵng,7,47212 - 96580 - 05347 - 98611
2024-06-18,MT,Đà Nẵng,8,97387
2024-06-18,MT,Khánh Hòa,ĐB,62695
2024-06-18,MT,Khánh Hòa,1,45171
2024-06-18,MT,Khánh Hòa,2,19657
2024-06-18,MT,Khánh Hòa,3,11618 - 83870 - 04751 - 57058 - 50274 - 92769
2024-06-18,MT,Khánh Hòa,4,63824 - 17305 - 71841 - 69544 - 32693 - 58556
2024-06-18,MT,Khánh Hòa,5,43666 - 99200 - 90165
2024-06-18,MT,Khánh Hòa,6,22504 - 65494 - 30616
2024-06-18,MT,Khánh Hòa,7,30423 - 93928 - 20485 - 88274
2024-06-18,MT,Khánh Hòa,8,79549
2024-06-18,MN,TP. HCM,ĐB,68156
2024-06-18,MN,TP. HCM,1,99915
2024-06-18,MN,TP. HCM,2,34625
2024-06-18,MN,TP. HCM,3,17897 - 81736 - 10081 - 83439 - 49267 - 02976
2024-06-18,MN,TP. HCM,4,12775 - 57133 - 56333 - 11375 - 92802 - 53092
2024-06-18,MN,TP. HCM,5,05558 - 47432 - 72403
2024-06-18,MN,TP. HCM,6,91024 - 98633 - 02510
2024-06-18,MN,TP. HCM,7,74503 - 11071 - 92052 - 02881
2024-06-18,MN,TP. HCM,8,65940
2024-06-18,MN,Đồng Tháp,ĐB,31775
2024-06-18,MN,Đồng Tháp,1,16222
2024-06-18,MN,Đồng Tháp,2,82964
2024-06-18,MN,Đồng Tháp,3,86312 - 26397 - 15926 - 46835 - 96556 - 17524
2024-06-18,MN,Đồng Tháp,4,93548 - 24199 - 70648 - 85272 - 46508 - 13651
2024-06-18,MN,Đồng Tháp,5,25500 - 32537 - 04325
2024-06-18,MN,Đồng Tháp,6,90134 - 21955 - 41913
2024-06-18,MN,Đồng Tháp,7,35777 - 88946 - 30311 - 13267
2024-06-18,MN,Đồng Tháp,8,44309
2024-06-18,MN,Cà Mau,ĐB,19165
2024-06-18,MN,Cà Mau,1,50648
2024-06-18,MN,Cà Mau,2,87269
2024-06-18,MN,Cà Mau,3,56745 - 82100 - 17996 - 67974 - 19011 - 17228
2024-06-18,MN,Cà Mau,4,51909 - 01787 - 69278 - 15603 - 48410 - 94484
2024-06-18,MN,Cà Mau,5,31944 - 96197 - 95512
2024-06-18,MN,Cà Mau,6,31299 - 47048 - 11653
2024-06-18,MN,Cà Mau,7,70104 - 99628 - 73985 - 63239
2024-06-18,MN,Cà Mau,8,61554
2024-06-19,MB,Hà Nội,ĐB,43876
2024-06-19,MB,Hà Nội,1,13204
2024-06-19,MB,Hà Nội,2,80578
2024-06-19,MB,Hà Nội,3,16150 - 32756 - 75124 - 85668 - 35438 - 63613
2024-06-19,MB,Hà Nội,4,53225 - 11090 - 23803 - 03190 - 04936 - 53545
2024-06-19,MB,Hà Nội,5,07698 - 71252 - 73388
2024-06-19,MB,Hà Nội,6,83992 - 96630 - 29271
2024-06-19,MB,Hà Nội,7,67092 - 87300 - 50381 - 73195
2024-06-19,MT,Đà Nẵng,ĐB,40991
2024-06-19,MT,Đà Nẵng,1,14442
2024-06-19,MT,Đà Nẵng,2,37748
2024-06-19,MT,Đà Nẵng,3,73813 - 13408 - 10538 - 08341 - 06361 - 38433
2024-06-19,MT,Đà Nẵng,4,36689 - 29257 - 71571 - 39635 - 19787 - 91779
2024-06-19,MT,Đà Nẵng,5,61937 - 91177 - 65475
2024-06-19,MT,Đà Nẵng,6,16167 - 34353 - 18161
2024-06-19,MT,Đà Nẵng,7,93455 - 57956 - 39966 - 61824
2024-06-19,MT,Đà Nẵng,8,52430
2024-06-19,MT,Khánh Hòa,ĐB,99964
2024-06-19,MT,Khánh Hòa,1,06924
2024-06-19,MT,Khánh Hòa,2,31200
2024-06-19,MT,Khánh Hòa,3,31842 - 01428 - 82931 - 53131 - 31917 - 08116
2024-06-19,MT,Khánh Hòa,4,09542 - 78566 - 69691 - 99520 - 82105 - 89097
2024-06-19,MT,Khánh Hòa,5,04493 - 85740 - 71609
2024-06-19,MT,Khánh Hòa,6,82691 - 09667 - 21058
2024-06-19,MT,Khánh Hòa,7,82638 - 68058 - 23362 - 56066
2024-06-19,MT,Khánh Hòa,8,25582
2024-06-19,MN,TP. HCM,ĐB,85500
2024-06-19,MN,TP. HCM,1,62425
2024-06-19,MN,TP. HCM,2,90964
2024-06-19,MN,TP. HCM,3,17962 - 93097 - 59884 - 92626 - 44109 - 90134
2024-06-19,MN,TP. HCM,4,64333 - 99081 - 52576 - 74479 - 82379 - 57067
2024-06-19,MN,TP. HCM,5,41462 - 66373 - 25043
2024-06-19,MN,TP. HCM,6,79655 - 30791 - 76698
2024-06-19,MN,TP. HCM,7,15112 - 11122 - 93210 - 61762
2024-06-19,MN,TP. HCM,8,44362
2024-06-19,MN,Đồng Tháp,ĐB,39083
2024-06-19,MN,Đồng Tháp,1,76640
2024-06-19,MN,Đồng Tháp,2,93428
2024-06-19,MN,Đồng Tháp,3,82818 - 57773 - 08066 - 54359 - 70895 - 35409
2024-06-19,MN,Đồng Tháp,4,18392 - 82529 - 23650 - 17446 - 34086 - 08773
2024-06-19,MN,Đồng Tháp,5,24589 - 11781 - 88859
2024-06-19,MN,Đồng Tháp,6,78380 - 81676 - 03388
2024-06-19,MN,Đồng Tháp,7,65803 - 84839 - 11560 - 76483
2024-06-19,MN,Đồng Tháp,8,60123
2024-06-19,MN,Cà Mau,ĐB,27749
2024-06-19,MN,Cà Mau,1,05627
2024-06-19,MN,Cà Mau,2,43264
2024-06-19,MN,Cà Mau,3,04694 - 95300 - 85674 - 91865 - 05088 - 36449
2024-06-19,MN,Cà Mau,4,04075 - 21822 - 49741 - 95870 - 29029 - 87918
2024-06-19,MN,Cà Mau,5,34258 - 76858 - 95345
2024-06-19,MN,Cà Mau,6,30430 - 71062 - 17209
2024-06-19,MN,Cà Mau,7,87472 - 40297 - 71395 - 77027
2024-06-19,MN,Cà Mau,8,63382
2024-06-20,MB,Hà Nội,ĐB,02031
2024-06-20,MB,Hà Nội,1,53950
2024-06-20,MB,Hà Nội,2,93741
2024-06-20,MB,Hà Nội,3,53423 - 08658 - 86372 - 44930 - 09253 - 11625
2024-06-20,MB,Hà Nội,4,28824 - 11486 - 11812 - 19362 - 18119 - 19524
2024-06-20,MB,Hà Nội,5,77377 - 90795 - 27188
2024-06-20,MB,Hà Nội,6,75630 - 61684 - 17490
2024-06-20,MB,Hà Nội,7,55516 - 21060 - 66539 - 98886
2024-06-20,MT,Đà Nẵng,ĐB,97704
2024-06-20,MT,Đà Nẵng,1,40546
2024-06-20,MT,Đà Nẵng,2,46224
2024-06-20,MT,Đà Nẵng,3,51586 - 18052 - 33159 - 66445 - 52791 - 06332
2024-06-20,MT,Đà Nẵng,4,74447 - 17672 - 16581 - 28026 - 15242 - 98719
2024-06-20,MT,Đà Nẵng,5,32351 - 10732 - 89205
2024-06-20,MT,Đà Nẵng,6,20103 - 13949 - 92233
2024-06-20,MT,Đà Nẵng,7,04078 - 24896 - 65437 - 32076
2024-06-20,MT,Đà Nẵng,8,15590
2024-06-20,MT,Khánh Hòa,ĐB,08157
2024-06-20,MT,Khánh Hòa,1,03990
2024-06-20,MT,Khánh Hòa,2,66458
2024-06-20,MT,Khánh Hòa,3,38446 - 16066 - 37955 - 57643 - 60033 - 16162
2024-06-20,MT,Khánh Hòa,4,26437 - 81639 - 64387 - 46373 - 11792 - 51817
2024-06-20,MT,Khánh Hòa,5,88136 - 93908 - 36846
2024-06-20,MT,Khánh Hòa,6,71195 - 48615 - 40948
2024-06-20,MT,Khánh Hòa,7,07188 - 26413 - 03293 - 76903
2024-06-20,MT,Khánh Hòa,8,80182
2024-06-20,MN,TP. HCM,ĐB,77932
2024-06-20,MN,TP. HCM,1,40824
2024-06-20,MN,TP. HCM,2,41838
2024-06-20,MN,TP. HCM,3,17547 - 75816 - 06319 - 17798 - 44073 - 21993
2024-06-20,MN,TP. HCM,4,73081 - 94562 - 55278 - 09645 - 67244 - 62134
2024-06-20,MN,TP. HCM,5,52551 - 78945 - 45920
2024-06-20,MN,TP. HCM,6,44903 - 44038 - 83980
2024-06-20,MN,TP. HCM,7,96715 - 57146 - 21849 - 81499
2024-06-20,MN,TP. HCM,8,30633
2024-06-20,MN,Đồng Tháp,ĐB,12148
2024-06-20,MN,Đồng Tháp,1,73437
2024-06-20,MN,Đồng Tháp,2,39048
2024-06-20,MN,Đồng Tháp,3,55272 - 51622 - 28542 - 86697 - 79891 - 15028
2024-06-20,MN,Đồng Tháp,4,85737 - 24247 - 24574 - 56467 - 85634 - 27524
2024-06-20,MN,Đồng Tháp,5,93423 - 30134 - 92334
2024-06-20,MN,Đồng Tháp,6,96762 - 97430 - 31328
2024-06-20,MN,Đồng Tháp,7,52495 - 06143 - 34888 - 77647
2024-06-20,MN,Đồng Tháp,8,84799
2024-06-20,MN,Cà Mau,ĐB,44553
2024-06-20,MN,Cà Mau,1,91013
2024-06-20,MN,Cà Mau,2,87139
2024-06-20,MN,Cà Mau,3,54848 - 58620 - 63450 - 67054 - 30454 - 61900
2024-06-20,MN,Cà Mau,4,06987 - 72111 - 35981 - 20256 - 77379 - 67115
2024-06-20,MN,Cà Mau,5,67608 - 05178 - 18685
2024-06-20,MN,Cà Mau,6,74613 - 94802 - 38001
2024-06-20,MN,Cà Mau,7,61617 - 85151 - 67781 - 24208
2024-06-20,MN,Cà Mau,8,58344
2024-06-21,MB,Hà Nội,ĐB,94404
2024-06-21,MB,Hà Nội,1,62429
2024-06-21,MB,Hà Nội,2,22538
2024-06-21,MB,Hà Nội,3,42339 - 05156 - 47386 - 08113 - 49132 - 37353
2024-06-21,MB,Hà Nội,4,76648 - 42512 - 18730 - 57402 - 14304 - 99482
2024-06-21,MB,Hà Nội,5,20446 - 66693 - 02309
2024-06-21,MB,Hà Nội,6,92784 - 05327 - 59044
2024-06-21,MB,Hà Nội,7,15008 - 63048 - 87614 - 09202
2024-06-21,MT,Đà Nẵng,ĐB,49428
2024-06-21,MT,Đà Nẵng,1,23607
2024-06-21,MT,Đà Nẵng,2,35404
2024-06-21,MT,Đà Nẵng,3,41220 - 82168 - 10747 - 61372 - 22638 - 00280
2024-06-21,MT,Đà Nẵng,4,50729 - 61989 - 53254 - 30616 - 08279 - 82719
2024-06-21,MT,Đà Nẵng,5,16509 - 75537 - 15316
2024-06-21,MT,Đà Nẵng,6,90507 - 94202 - 52073
2024-06-21,MT,Đà Nẵng,7,82837 - 95534 - 15861 - 86792
2024-06-21,MT,Đà Nẵng,8,33900
2024-06-21,MT,Khánh Hòa,ĐB,64957
2024-06-21,MT,Khánh Hòa,1,76894
2024-06-21,MT,Khánh Hòa,2,07050
2024-06-21,MT,Khánh Hòa,3,85866 - 80995 - 23896 - 62441 - 56738 - 13904
2024-06-21,MT,Khánh Hòa,4,70749 - 04814 - 87668 - 42977 - 75806 - 93625
2024-06-21,MT,Khánh Hòa,5,74348 - 63848 - 91477
2024-06-21,MT,Khánh Hòa,6,62497 - 42527 - 51486
2024-06-21,MT,Khánh Hòa,7,74365 - 94176 - 26785 - 73379
2024-06-21,MT,Khánh Hòa,8,51958
2024-06-21,MN,TP. HCM,ĐB,71374
2024-06-21,MN,TP. HCM,1,66376
2024-06-21,MN,TP. HCM,2,58316
2024-06-21,MN,TP. HCM,3,88934 - 32086 - 19668 - 21050 - 88553 - 20631
2024-06-21,MN,TP. HCM,4,20534 - 81793 - 88902 - 77790 - 17928 - 13120
2024-06-21,MN,TP. HCM,5,88799 - 40474 - 45850
2024-06-21,MN,TP. HCM,6,86604 - 53204 - 45399
2024-06-21,MN,TP. HCM,7,92000 - 64831 - 52988 - 95725
2024-06-21,MN,TP. HCM,8,64190
2024-06-21,MN,Đồng Tháp,ĐB,66920
2024-06-21,MN,Đồng Tháp,1,33169
2024-06-21,MN,Đồng Tháp,2,66724
2024-06-21,MN,Đồng Tháp,3,00182 - 19211 - 52624 - 65516 - 42675 - 26985
2024-06-21,MN,Đồng Tháp,4,90546 - 59570 - 01908 - 24885 - 04633 - 22892
2024-06-21,MN,Đồng Tháp,5,70672 - 48324 - 16209
2024-06-21,MN,Đồng Tháp,6,50778 - 13445 - 71409
2024-06-21,MN,Đồng Tháp,7,61702 - 79530 - 48774 - 34533
2024-06-21,MN,Đồng Tháp,8,15925
2024-06-21,MN,Cà Mau,ĐB,50382
2024-06-21,MN,Cà Mau,1,40354
2024-06-21,MN,Cà Mau,2,10872
2024-06-21,MN,Cà Mau,3,27014 - 11644 - 88551 - 75922 - 95158 - 20514
2024-06-21,MN,Cà Mau,4,38461 - 81694 - 13307 - 98689 - 33450 - 62130
2024-06-21,MN,Cà Mau,5,20438 - 77368 - 65712
2024-06-21,MN,Cà Mau,6,44812 - 23997 - 33281
2024-06-21,MN,Cà Mau,7,84334 - 82982 - 10051 - 92309
2024-06-21,MN,Cà Mau,8,81238
2024-06-22,MB,Hà Nội,ĐB,43232
2024-06-22,MB,Hà Nội,1,20982
2024-06-22,MB,Hà Nội,2,88564
2024-06-22,MB,Hà Nội,3,13217 - 95894 - 51190 - 34024 - 11951 - 06135
2024-06-22,MB,Hà Nội,4,58674 - 56454 - 45855 - 32375 - 12807 - 28041
2024-06-22,MB,Hà Nội,5,48628 - 73346 - 08530
2024-06-22,MB,Hà Nội,6,14220 - 73115 - 63328
2024-06-22,MB,Hà Nội,7,92524 - 30519 - 46317 - 27245
2024-06-22,MT,Đà Nẵng,ĐB,98718
2024-06-22,MT,Đà Nẵng,1,47696
2024-06-22,MT,Đà Nẵng,2,90186
2024-06-22,MT,Đà Nẵng,3,76184 - 39945 - 50364 - 33459 - 42593 - 63961
2024-06-22,MT,Đà Nẵng,4,53174 - 80439 - 16021 - 18261 - 04094 - 93278
2024-06-22,MT,Đà Nẵng,5,76925 - 48788 - 17832
2024-06-22,MT,Đà Nẵng,6,03540 - 07681 - 93702
2024-06-22,MT,Đà Nẵng,7,02973 - 23282 - 98702 - 85807
2024-06-22,MT,Đà Nẵng,8,82561
2024-06-22,MT,Khánh Hòa,ĐB,93498
2024-06-22,MT,Khánh Hòa,1,56003
2024-06-22,MT,Khánh Hòa,2,88753
2024-06-22,MT,Khánh Hòa,3,36695 - 54684 - 13587 - 77861 - 97558 - 80742
2024-06-22,MT,Khánh Hòa,4,89796 - 35114 - 86206 - 22156 - 90634 - 22842
2024-06-22,MT,Khánh Hòa,5,21683 - 37178 - 77348
2024-06-22,MT,Khánh Hòa,6,40519 - 51406 - 70558
2024-06-22,MT,Khánh Hòa,7,03099 - 29127 - 14742 - 47320
2024-06-22,MT,Khánh Hòa,8,73176
2024-06-22,MN,TP. HCM,ĐB,73971
2024-06-22,MN,TP. HCM,1,42465
2024-06-22,MN,TP. HCM,2,55920
2024-06-22,MN,TP. HCM,3,94660 - 95831 - 60631 - 77273 - 23101 - 00566
2024-06-22,MN,TP. HCM,4,96888 - 55925 - 53724 - 10117 - 82946 - 65454
2024-06-22,MN,TP. HCM,5,65472 - 40235 - 94882
2024-06-22,MN,TP. HCM,6,85592 - 87025 - 11623
2024-06-22,MN,TP. HCM,7,24906 - 26430 - 54269 - 79589
2024-06-22,MN,TP. HCM,8,23498
2024-06-22,MN,Đồng Tháp,ĐB,73016
2024-06-22,MN,Đồng Tháp,1,38595
2024-06-22,MN,Đồng Tháp,2,11978
2024-06-22,MN,Đồng Tháp,3,17205 - 13554 - 28224 - 87129 - 90225 - 13176
2024-06-22,MN,Đồng Tháp,4,38071 - 91188 - 75858 - 45824 - 57718 - 04994
2024-06-22,MN,Đồng Tháp,5,35179 - 58678 - 97849
2024-06-22,MN,Đồng Tháp,6,06675 - 72868 - 52076
2024-06-22,MN,Đồng Tháp,7,07722 - 73021 - 00659 - 19088
2024-06-22,MN,Đồng Tháp,8,00377
2024-06-22,MN,Cà Mau,ĐB,79308
2024-06-22,MN,Cà Mau,1,99521
2024-06-22,MN,Cà Mau,2,95281
2024-06-22,MN,Cà Mau,3,30045 - 42566 - 67060 - 83525 - 51428 - 63251
2024-06-22,MN,Cà Mau,4,08016 - 13113 - 31214 - 66371 - 90300 - 59087
2024-06-22,MN,Cà Mau,5,02110 - 09414 - 12707
2024-06-22,MN,Cà Mau,6,60430 - 50326 - 94443
2024-06-22,MN,Cà Mau,7,23864 - 27436 - 39383 - 47018
2024-06-22,MN,Cà Mau,8,52980
2024-06-23,MB,Hà Nội,ĐB,13380
2024-06-23,MB,Hà Nội,1,42137
2024-06-23,MB,Hà Nội,2,40078
2024-06-23,MB,Hà Nội,3,96235 - 29021 - 77789 - 81611 - 88439 - 65416
2024-06-23,MB,Hà Nội,4,82570 - 20027 - 61679 - 71676 - 28722 - 30656
2024-06-23,MB,Hà Nội,5,68263 - 41839 - 93993
2024-06-23,MB,Hà Nội,6,07852 - 93179 - 85783
2024-06-23,MB,Hà Nội,7,58551 - 05089 - 83051 - 01613
2024-06-23,MT,Đà Nẵng,ĐB,95937
2024-06-23,MT,Đà Nẵng,1,11012
2024-06-23,MT,Đà Nẵng,2,85602
2024-06-23,MT,Đà Nẵng,3,36041 - 16045 - 43086 - 68135 - 16460 - 95110
2024-06-23,MT,Đà Nẵng,4,41964 - 79071 - 73947 - 21425 - 13718 - 09030
2024-06-23,MT,Đà Nẵng,5,10435 - 47654 - 15147
2024-06-23,MT,Đà Nẵng,6,38323 - 70854 - 00895
2024-06-23,MT,Đà Nẵng,7,92872 - 79305 - 09156 - 08416
2024-06-23,MT,Đà Nẵng,8,98933
2024-06-23,MT,Khánh Hòa,ĐB,17698
2024-06-23,MT,Khánh Hòa,1,32773
2024-06-23,MT,Khánh Hòa,2,14369
2024-06-23,MT,Khánh Hòa,3,57677 - 44923 - 31692 - 52087 - 14260 - 32709
2024-06-23,MT,Khánh Hòa,4,75997 - 67185 - 05859 - 74021 - 63142 - 06207
2024-06-23,MT,Khánh Hòa,5,75420 - 28646 - 28351
2024-06-23,MT,Khánh Hòa,6,62128 - 35659 - 39552
2024-06-23,MT,Khánh Hòa,7,51852 - 27216 - 27521 - 38090
2024-06-23,MT,Khánh Hòa,8,77283
2024-06-23,MN,TP. HCM,ĐB,63932
2024-06-23,MN,TP. HCM,1,20315
2024-06-23,MN,TP. HCM,2,20041
2024-06-23,MN,TP. HCM,3,80487 - 22041 - 59014 - 06477 - 48996 - 44559
2024-06-23,MN,TP. HCM,4,21570 - 27237 - 79196 - 72063 - 25988 - 52188
2024-06-23,MN,TP. HCM,5,61605 - 22888 - 72614
2024-06-23,MN,TP. HCM,6,97548 - 48958 - 57835
2024-06-23,MN,TP. HCM,7,13702 - 86502 - 00148 - 40016
2024-06-23,MN,TP. HCM,8,95130
2024-06-23,MN,Đồng Tháp,ĐB,92215
2024-06-23,MN,Đồng Tháp,1,99300
2024-06-23,MN,Đồng Tháp,2,62775
2024-06-23,MN,Đồng Tháp,3,27562 - 52253 - 94361 - 76053 - 98413 - 81825
2024-06-23,MN,Đồng Tháp,4,16029 - 65317 - 78061 - 89047 - 72746 - 12606
2024-06-23,MN,Đồng Tháp,5,97072 - 74388 - 38033
2024-06-23,MN,Đồng Tháp,6,62928 - 83781 - 62147
2024-06-23,MN,Đồng Tháp,7,61090 - 25227 - 89709 - 75575
2024-06-23,MN,Đồng Tháp,8,02198
2024-06-23,MN,Cà Mau,ĐB,69672
2024-06-23,MN,Cà Mau,1,40500
2024-06-23,MN,Cà Mau,2,57364
2024-06-23,MN,Cà Mau,3,34400 - 21388 - 41655 - 01672 - 70950 - 94323
2024-06-23,MN,Cà Mau,4,05242 - 61772 - 11757 - 55343 - 81171 - 28831
2024-06-23,MN,Cà Mau,5,38632 - 83887 - 28949
2024-06-23,MN,Cà Mau,6,82781 - 50658 - 12017
2024-06-23,MN,Cà Mau,7,81045 - 06499 - 84094 - 48166
2024-06-23,MN,Cà Mau,8,89718
2024-06-24,MB,Hà Nội,ĐB,10051
2024-06-24,MB,Hà Nội,1,81652
2024-06-24,MB,Hà Nội,2,00359
2024-06-24,MB,Hà Nội,3,91605 - 41862 - 94391 - 26262 - 95338 - 46187
2024-06-24,MB,Hà Nội,4,12328 - 23087 - 39898 - 82880 - 52498 - 15326
2024-06-24,MB,Hà Nội,5,68295 - 04387 - 49329
2024-06-24,MB,Hà Nội,6,71150 - 36101 - 97036
2024-06-24,MB,Hà Nội,7,36105 - 89195 - 92627 - 72749
2024-06-24,MT,Đà Nẵng,ĐB,41003
2024-06-24,MT,Đà Nẵng,1,77032
2024-06-24,MT,Đà Nẵng,2,38523
2024-06-24,MT,Đà Nẵng,3,68533 - 74532 - 52819 - 62027 - 10275 - 00939
2024-06-24,MT,Đà Nẵng,4,96874 - 99769 - 91905 - 72010 - 86383 - 47450
2024-06-24,MT,Đà Nẵng,5,37414 - 22515 - 44579
2024-06-24,MT,Đà Nẵng,6,45970 - 45078 - 96131
2024-06-24,MT,Đà Nẵng,7,01644 - 90161 - 29946 - 38095
2024-06-24,MT,Đà Nẵng,8,04879
2024-06-24,MT,Khánh Hòa,ĐB,79319
2024-06-24,MT,Khánh Hòa,1,08667
2024-06-24,MT,Khánh Hòa,2,47251
2024-06-24,MT,Khánh Hòa,3,55236 - 06340 - 02677 - 94663 - 31378 - 21761
2024-06-24,MT,Khánh Hòa,4,85022 - 96430 - 53233 - 18071 - 98105 - 30769
2024-06-24,MT,Khánh Hòa,5,54652 - 28693 - 35289
2024-06-24,MT,Khánh Hòa,6,54996 - 74443 - 69325
2024-06-24,MT,Khánh Hòa,7,64730 - 56064 - 98354 - 84858
2024-06-24,MT,Khánh Hòa,8,44745
2024-06-24,MN,TP. HCM,ĐB,88904
2024-06-24,MN,TP. HCM,1,25162
2024-06-24,MN,TP. HCM,2,95465
2024-06-24,MN,TP. HCM,3,03548 - 33303 - 55301 - 19170 - 60846 - 56287
2024-06-24,MN,TP. HCM,4,93233 - 86175 - 63430 - 72705 - 32019 - 25336
2024-06-24,MN,TP. HCM,5,16296 - 96598 - 09156
2024-06-24,MN,TP. HCM,6,70311 - 98818 - 92157
2024-06-24,MN,TP. HCM,7,20327 - 53334 - 29137 - 56960
2024-06-24,MN,TP. HCM,8,39249
2024-06-24,MN,Đồng Tháp,ĐB,07381
2024-06-24,MN,Đồng Tháp,1,18636
2024-06-24,MN,Đồng Tháp,2,45660
2024-06-24,MN,Đồng Tháp,3,29644 - 04445 - 69271 - 89650 - 42158 - 80972
2024-06-24,MN,Đồng Tháp,4,91964 - 21939 - 30327 - 49385 - 61506 - 97066
2024-06-24,MN,Đồng Tháp,5,75008 - 19206 - 73497
2024-06-24,MN,Đồng Tháp,6,51941 - 25518 - 13077
2024-06-24,MN,Đồng Tháp,7,60615 - 00662 - 78704 - 68862
2024-06-24,MN,Đồng Tháp,8,43282
2024-06-24,MN,Cà Mau,ĐB,87526
2024-06-24,MN,Cà Mau,1,55678
2024-06-24,MN,Cà Mau,2,65461
2024-06-24,MN,Cà Mau,3,20084 - 01653 - 07389 - 99786 - 16432 - 01159
2024-06-24,MN,Cà Mau,4,82842 - 02816 - 10797 - 48113 - 20685 - 34369
2024-06-24,MN,Cà Mau,5,05249 - 94356 - 68609
2024-06-24,MN,Cà Mau,6,41473 - 23185 - 65994
2024-06-24,MN,Cà Mau,7,48399 - 17122 - 14075 - 61019
2024-06-24,MN,Cà Mau,8,78773
2024-06-25,MB,Hà Nội,ĐB,82570
2024-06-25,MB,Hà Nội,1,44707
2024-06-25,MB,Hà Nội,2,62406
2024-06-25,MB,Hà Nội,3,76089 - 25235 - 80243 - 50002 - 41507 - 58201
2024-06-25,MB,Hà Nội,4,67908 - 84691 - 19998 - 63957 - 26684 - 73310
2024-06-25,MB,Hà Nội,5,00942 - 61932 - 25358
2024-06-25,MB,Hà Nội,6,58588 - 04194 - 21339
2024-06-25,MB,Hà Nội,7,01672 - 32924 - 13697 - 04791
2024-06-25,MT,Đà Nẵng,ĐB,52601
2024-06-25,MT,Đà Nẵng,1,71751
2024-06-25,MT,Đà Nẵng,2,05319
2024-06-25,MT,Đà Nẵng,3,98091 - 49758 - 28098 - 58645 - 27140 - 63989
2024-06-25,MT,Đà Nẵng,4,71448 - 27363 - 56092 - 93987 - 95001 - 53421
2024-06-25,MT,Đà Nẵng,5,50189 - 81204 - 79777
2024-06-25,MT,Đà Nẵng,6,53078 - 23064 - 43289
2024-06-25,MT,Đà Nẵng,7,27025 - 23408 - 26499 - 22720
2024-06-25,MT,Đà Nẵng,8,68767
2024-06-25,MT,Khánh Hòa,ĐB,89532
2024-06-25,MT,Khánh Hòa,1,62512
2024-06-25,MT,Khánh Hòa,2,38171
2024-06-25,MT,Khánh Hòa,3,37255 - 24224 - 48019 - 42472 - 99187 - 47434
2024-06-25,MT,Khánh Hòa,4,01877 - 59368 - 60586 - 38887 - 59991 - 06426
2024-06-25,MT,Khánh Hòa,5,19580 - 80660 - 35193
2024-06-25,MT,Khánh Hòa,6,47204 - 07811 - 07991
2024-06-25,MT,Khánh Hòa,7,08468 - 27682 - 45346 - 26382
2024-06-25,MT,Khánh Hòa,8,42043
2024-06-25,MN,TP. HCM,ĐB,99738
2024-06-25,MN,TP. HCM,1,69264
2024-06-25,MN,TP. HCM,2,64794
2024-06-25,MN,TP. HCM,3,18630 - 10827 - 42841 - 12212 - 19408 - 27319
2024-06-25,MN,TP. HCM,4,38944 - 31296 - 45171 - 51246 - 08566 - 33874
2024-06-25,MN,TP. HCM,5,68055 - 18496 - 83319
2024-06-25,MN,TP. HCM,6,48557 - 54144 - 44545
2024-06-25,MN,TP. HCM,7,80930 - 30162 - 82873 - 12810
2024-06-25,MN,TP. HCM,8,46792
2024-06-25,MN,Đồng Tháp,ĐB,42072
2024-06-25,MN,Đồng Tháp,1,93206
2024-06-25,MN,Đồng Tháp,2,27122
2024-06-25,MN,Đồng Tháp,3,54198 - 94615 - 82667 - 21766 - 51104 - 69442
2024-06-25,MN,Đồng Tháp,4,37828 - 94123 - 49670 - 67472 - 69479 - 56241
2024-06-25,MN,Đồng Tháp,5,40958 - 65499 - 26650
2024-06-25,MN,Đồng Tháp,6,28429 - 80834 - 57596
2024-06-25,MN,Đồng Tháp,7,47195 - 12987 - 34792 - 42106
2024-06-25,MN,Đồng Tháp,8,36194
2024-06-25,MN,Cà Mau,ĐB,30055
2024-06-25,MN,Cà Mau,1,08276
2024-06-25,MN,Cà Mau,2,62412
2024-06-25,MN,Cà Mau,3,38597 - 50860 - 99837 - 50841 - 06700 - 98512
2024-06-25,MN,Cà Mau,4,59650 - 16564 - 29415 - 55419 - 88644 - 45846
2024-06-25,MN,Cà Mau,5,73091 - 54510 - 69208
2024-06-25,MN,Cà Mau,6,85740 - 20136 - 65478
2024-06-25,MN,Cà Mau,7,85616 - 10276 - 21537 - 56272
2024-06-25,MN,Cà Mau,8,84229
2024-06-26,MB,Hà Nội,ĐB,23891
2024-06-26,MB,Hà Nội,1,38377
2024-06-26,MB,Hà Nội,2,87333
2024-06-26,MB,Hà Nội,3,14765 - 08159 - 46819 - 13734 - 46146 - 21759
2024-06-26,MB,Hà Nội,4,33319 - 02059 - 33974 - 78234 - 32234 - 14321
2024-06-26,MB,Hà Nội,5,59253 - 84527 - 37932
2024-06-26,MB,Hà Nội,6,73223 - 26470 - 51883
2024-06-26,MB,Hà Nội,7,42554 - 42937 - 86169 - 51871
2024-06-26,MT,Đà Nẵng,ĐB,89005
2024-06-26,MT,Đà Nẵng,1,92597
2024-06-26,MT,Đà Nẵng,2,53376
2024-06-26,MT,Đà Nẵng,3,00382 - 87839 - 24814 - 62645 - 66464 - 81991
2024-06-26,MT,Đà Nẵng,4,40694 - 47444 - 77902 - 86274 - 54197 - 68069
2024-06-26,MT,Đà Nẵng,5,14704 - 19195 - 45068
2024-06-26,MT,Đà Nẵng,6,65308 - 44536 - 07485
2024-06-26,MT,Đà Nẵng,7,49908 - 48507 - 73103 - 31609
2024-06-26,MT,Đà Nẵng,8,50823
2024-06-26,MT,Khánh Hòa,ĐB,03379
2024-06-26,MT,Khánh Hòa,1,41269
2024-06-26,MT,Khánh Hòa,2,90425
2024-06-26,MT,Khánh Hòa,3,70171 - 97881 - 85916 - 10920 - 97595 - 57836
2024-06-26,MT,Khánh Hòa,4,86741 - 84387 - 11665 - 26416 - 12455 - 84988
2024-06-26,MT,Khánh Hòa,5,66985 - 19688 - 67416
2024-06-26,MT,Khánh Hòa,6,31257 - 68356 - 58226
2024-06-26,MT,Khánh Hòa,7,14025 - 62891 - 57891 - 76740
2024-06-26,MT,Khánh Hòa,8,91196
2024-06-26,MN,TP. HCM,ĐB,78772
2024-06-26,MN,TP. HCM,1,96398
2024-06-26,MN,TP. HCM,2,01319
2024-06-26,MN,TP. HCM,3,95882 - 04631 - 47180 - 76101 - 90268 - 92486
2024-06-26,MN,TP. HCM,4,90167 - 77555 - 51321 - 55167 - 30272 - 99779
2024-06-26,MN,TP. HCM,5,08302 - 28503 - 69199
2024-06-26,MN,TP. HCM,6,48192 - 68225 - 75742
2024-06-26,MN,TP. HCM,7,06184 - 40849 - 64947 - 30367
2024-06-26,MN,TP. HCM,8,64019
2024-06-26,MN,Đồng Tháp,ĐB,83314
2024-06-26,MN,Đồng Tháp,1,49333
2024-06-26,MN,Đồng Tháp,2,63130
2024-06-26,MN,Đồng Tháp,3,45112 - 06288 - 09730 - 66469 - 10066 - 99442
2024-06-26,MN,Đồng Tháp,4,20808 - 68661 - 99034 - 02662 - 92532 - 17669
2024-06-26,MN,Đồng Tháp,5,95126 - 25149 - 65585
2024-06-26,MN,Đồng Tháp,6,70625 - 75113 - 26540
2024-06-26,MN,Đồng Tháp,7,69862 - 17083 - 73586 - 33338
2024-06-26,MN,Đồng Tháp,8,17631
2024-06-26,MN,Cà Mau,ĐB,14357
2024-06-26,MN,Cà Mau,1,98109
2024-06-26,MN,Cà Mau,2,72618
2024-06-26,MN,Cà Mau,3,37595 - 57446 - 03920 - 15145 - 08675 - 87483
2024-06-26,MN,Cà Mau,4,91969 - 22699 - 38817 - 35494 - 00756 - 81055
2024-06-26,MN,Cà Mau,5,70691 - 36438 - 38160
2024-06-26,MN,Cà Mau,6,04572 - 39336 - 50200
2024-06-26,MN,Cà Mau,7,57516 - 91949 - 61190 - 30153
2024-06-26,MN,Cà Mau,8,76771
2024-06-27,MB,Hà Nội,ĐB,55324
2024-06-27,MB,Hà Nội,1,32848
2024-06-27,MB,Hà Nội,2,35328
2024-06-27,MB,Hà Nội,3,13830 - 92258 - 97957 - 58030 - 68573 - 85237
2024-06-27,MB,Hà Nội,4,11734 - 75280 - 98134 - 40708 - 91546 - 89076
2024-06-27,MB,Hà Nội,5,45680 - 11916 - 17484
2024-06-27,MB,Hà Nội,6,45980 - 10403 - 04271
2024-06-27,MB,Hà Nội,7,03251 - 52361 - 96085 - 54102
2024-06-27,MT,Đà Nẵng,ĐB,29137
2024-06-27,MT,Đà Nẵng,1,32353
2024-06-27,MT,Đà Nẵng,2,76205
2024-06-27,MT,Đà Nẵng,3,08213 - 26975 - 78822 - 02540 - 92942 - 45530
2024-06-27,MT,Đà Nẵng,4,86567 - 30279 - 84596 - 84826 - 46672 - 86097
2024-06-27,MT,Đà Nẵng,5,26623 - 22585 - 38261
2024-06-27,MT,Đà Nẵng,6,69801 - 89483 - 26743
2024-06-27,MT,Đà Nẵng,7,56918 - 65681 - 42599 - 71664
2024-06-27,MT,Đà Nẵng,8,58988
2024-06-27,MT,Khánh Hòa,ĐB,74686
2024-06-27,MT,Khánh Hòa,1,51142
2024-06-27,MT,Khánh Hòa,2,01548
2024-06-27,MT,Khánh Hòa,3,04193 - 16133 - 08475 - 69837 - 92521 - 37731
2024-06-27,MT,Khánh Hòa,4,62980 - 16351 - 63612 - 60891 - 46580 - 54957
2024-06-27,MT,Khánh Hòa,5,85325 - 51165 - 09381
2024-06-27,MT,Khánh Hòa,6,15973 - 15376 - 89329
2024-06-27,MT,Khánh Hòa,7,26615 - 09407 - 13864 - 12794
2024-06-27,MT,Khánh Hòa,8,43517
2024-06-27,MN,TP. HCM,ĐB,68674
2024-06-27,MN,TP. HCM,1,45114
2024-06-27,MN,TP. HCM,2,40888
2024-06-27,MN,TP. HCM,3,17122 - 66114 - 70434 - 03726 - 24610 - 38597
2024-06-27,MN,TP. HCM,4,62125 - 23593 - 58159 - 13052 - 80074 - 30439
2024-06-27,MN,TP. HCM,5,39582 - 21095 - 16111
2024-06-27,MN,TP. HCM,6,56511 - 65471 - 71135
2024-06-27,MN,TP. HCM,7,72564 - 40361 - 51511 - 25579
2024-06-27,MN,TP. HCM,8,15488
2024-06-27,MN,Đồng Tháp,ĐB,29169
2024-06-27,MN,Đồng Tháp,1,68875
2024-06-27,MN,Đồng Tháp,2,21309
2024-06-27,MN,Đồng Tháp,3,42985 - 92918 - 31688 - 46094 - 61152 - 66092
2024-06-27,MN,Đồng Tháp,4,73400 - 84646 - 27981 - 37206 - 06012 - 35867
2024-06-27,MN,Đồng Tháp,5,88371 - 12471 - 64616
2024-06-27,MN,Đồng Tháp,6,92407 - 20384 - 96259
2024-06-27,MN,Đồng Tháp,7,16659 - 43160 - 98785 - 91488
2024-06-27,MN,Đồng Tháp,8,47125
2024-06-27,MN,Cà Mau,ĐB,69667
2024-06-27,MN,Cà Mau,1,50155
2024-06-27,MN,Cà Mau,2,03656
2024-06-27,MN,Cà Mau,3,24927 - 95448 - 48302 - 41003 - 10021 - 25791
2024-06-27,MN,Cà Mau,4,56483 - 34517 - 59316 - 10383 - 05880 - 71876
2024-06-27,MN,Cà Mau,5,70242 - 09660 - 80041
2024-06-27,MN,Cà Mau,6,59465 - 30485 - 60876
2024-06-27,MN,Cà Mau,7,88603 - 85983 - 43340 - 86180
2024-06-27,MN,Cà Mau,8,09153
2024-06-28,MB,Hà Nội,ĐB,91416
2024-06-28,MB,Hà Nội,1,81812
2024-06-28,MB,Hà Nội,2,12431
2024-06-28,MB,Hà Nội,3,95295 - 72452 - 12563 - 56137 - 07211 - 38968
2024-06-28,MB,Hà Nội,4,51909 - 04733 - 85194 - 91900 - 87275 - 07692
2024-06-28,MB,Hà Nội,5,73289 - 40470 - 09523
2024-06-28,MB,Hà Nội,6,32909 - 34761 - 15417
2024-06-28,MB,Hà Nội,7,02421 - 35378 - 74166 - 54586
2024-06-28,MT,Đà Nẵng,ĐB,26149
2024-06-28,MT,Đà Nẵng,1,52478
2024-06-28,MT,Đà Nẵng,2,58526
2024-06-28,MT,Đà Nẵng,3,86995 - 53309 - 16656 - 17422 - 42103 - 40727
2024-06-28,MT,Đà Nẵng,4,60239 - 32601 - 70642 - 13916 - 96468 - 97114
2024-06-28,MT,Đà Nẵng,5,10060 - 56124 - 65060
2024-06-28,MT,Đà Nẵng,6,01212 - 48066 - 02270
2024-06-28,MT,Đà Nẵng,7,65843 - 06217 - 98221 - 61045
2024-06-28,MT,Đà Nẵng,8,96637
2024-06-28,MT,Khánh Hòa,ĐB,40022
2024-06-28,MT,Khánh Hòa,1,76980
2024-06-28,MT,Khánh Hòa,2,80758
2024-06-28,MT,Khánh Hòa,3,31990 - 72744 - 34311 - 64616 - 00996 - 43059
2024-06-28,MT,Khánh Hòa,4,14602 - 83638 - 04115 - 35807 - 88510 - 03491
2024-06-28,MT,Khánh Hòa,5,61029 - 82256 - 29417
2024-06-28,MT,Khánh Hòa,6,05833 - 62529 - 40533
2024-06-28,MT,Khánh Hòa,7,65214 - 05707 - 08701 - 58787
2024-06-28,MT,Khánh Hòa,8,17044
2024-06-28,MN,TP. HCM,ĐB,20890
2024-06-28,MN,TP. HCM,1,45822
2024-06-28,MN,TP. HCM,2,24762
2024-06-28,MN,TP. HCM,3,30472 - 14305 - 62155 - 59134 - 16738 - 24108
2024-06-28,MN,TP. HCM,4,92661 - 10712 - 51530 - 37913 - 73415 - 96587
2024-06-28,MN,TP. HCM,5,27798 - 97061 - 84529
2024-06-28,MN,TP. HCM,6,43297 - 01643 - 67945
2024-06-28,MN,TP. HCM,7,96542 - 97503 - 60649 - 72957
2024-06-28,MN,TP. HCM,8,68677
2024-06-28,MN,Đồng Tháp,ĐB,37565
2024-06-28,MN,Đồng Tháp,1,69693
2024-06-28,MN,Đồng Tháp,2,99876
2024-06-28,MN,Đồng Tháp,3,86611 - 48325 - 82661 - 93024 - 09109 - 40041
2024-06-28,MN,Đồng Tháp,4,69525 - 62700 - 13410 - 93195 - 68541 - 60428
2024-06-28,MN,Đồng Tháp,5,38591 - 19953 - 05054
2024-06-28,MN,Đồng Tháp,6,95217 - 29592 - 33177
2024-06-28,MN,Đồng Tháp,7,25779 - 33888 - 37114 - 53487
2024-06-28,MN,Đồng Tháp,8,84980
2024-06-28,MN,Cà Mau,ĐB,49197
2024-06-28,MN,Cà Mau,1,97835
2024-06-28,MN,Cà Mau,2,65680
2024-06-28,MN,Cà Mau,3,97609 - 80741 - 26800 - 78823 - 64630 - 50693
2024-06-28,MN,Cà Mau,4,25683 - 25764 - 87981 - 07442 - 22491 - 17346
2024-06-28,MN,Cà Mau,5,41043 - 72760 - 19184
2024-06-28,MN,Cà Mau,6,59421 - 65047 - 01507
2024-06-28,MN,Cà Mau,7,72117 - 16359 - 46662 - 16145
2024-06-28,MN,Cà Mau,8,77799
2024-06-29,MB,Hà Nội,ĐB,38091
2024-06-29,MB,Hà Nội,1,84090
2024-06-29,MB,Hà Nội,2,33108
2024-06-29,MB,Hà Nội,3,66606 - 79371 - 91717 - 97146 - 26525 - 33204
2024-06-29,MB,Hà Nội,4,06568 - 54616 - 98429 - 56613 - 40789 - 99334
2024-06-29,MB,Hà Nội,5,07405 - 43417 - 58701
2024-06-29,MB,Hà Nội,6,97838 - 99574 - 12798
2024-06-29,MB,Hà Nội,7,60298 - 91003 - 43375 - 68138
2024-06-29,MT,Đà Nẵng,ĐB,94432
2024-06-29,MT,Đà Nẵng,1,74837
2024-06-29,MT,Đà Nẵng,2,63202
2024-06-29,MT,Đà Nẵng,3,78071 - 40413 - 55140 - 53866 - 13574 - 70053
2024-06-29,MT,Đà Nẵng,4,23803 - 78094 - 22233 - 27079 - 92457 - 81981
2024-06-29,MT,Đà Nẵng,5,59172 - 07578 - 60617
2024-06-29,MT,Đà Nẵng,6,88458 - 00216 - 08671
2024-06-29,MT,Đà Nẵng,7,73433 - 27404 - 19379 - 54174
2024-06-29,MT,Đà Nẵng,8,00334
2024-06-29,MT,Khánh Hòa,ĐB,83544
2024-06-29,MT,Khánh Hòa,1,68013
2024-06-29,MT,Khánh Hòa,2,08688
2024-06-29,MT,Khánh Hòa,3,12276 - 10046 - 87429 - 45565 - 02601 - 26797
2024-06-29,MT,Khánh Hòa,4,73859 - 46150 - 59591 - 09097 - 94547 - 10411
2024-06-29,MT,Khánh Hòa,5,43788 - 44758 - 73344
2024-06-29,MT,Khánh Hòa,6,50658 - 33095 - 72169
2024-06-29,MT,Khánh Hòa,7,25066 - 75006 - 60418 - 66181
2024-06-29,MT,Khánh Hòa,8,91077
2024-06-29,MN,TP. HCM,ĐB,61297
2024-06-29,MN,TP. HCM,1,75025
2024-06-29,MN,TP. HCM,2,47832
2024-06-29,MN,TP. HCM,3,37122 - 52446 - 07495 - 44339 - 52801 - 96368
2024-06-29,MN,TP. HCM,4,15226 - 66354 - 08821 - 11268 - 26813 - 76927
2024-06-29,MN,TP. HCM,5,61307 - 97443 - 22842
2024-06-29,MN,TP. HCM,6,97503 - 33199 - 82862
2024-06-29,MN,TP. HCM,7,34711 - 39468 - 31803 - 93887
2024-06-29,MN,TP. HCM,8,81205
2024-06-29,MN,Đồng Tháp,ĐB,31986
2024-06-29,MN,Đồng Tháp,1,06869
2024-06-29,MN,Đồng Tháp,2,55531
2024-06-29,MN,Đồng Tháp,3,78305 - 56272 - 50976 - 53052 - 41184 - 81997
2024-06-29,MN,Đồng Tháp,4,81149 - 27511 - 11380 - 87757 - 22533 - 35294
2024-06-29,MN,Đồng Tháp,5,20315 - 98814 - 39101
2024-06-29,MN,Đồng Tháp,6,94327 - 52635 - 40256
2024-06-29,MN,Đồng Tháp,7,37162 - 48462 - 89582 - 01350
2024-06-29,MN,Đồng Tháp,8,12544
2024-06-29,MN,Cà Mau,ĐB,10241
2024-06-29,MN,Cà Mau,1,85325
2024-06-29,MN,Cà Mau,2,44306
2024-06-29,MN,Cà Mau,3,55402 - 53707 - 03423 - 36284 - 35817 - 76368
2024-06-29,MN,Cà Mau,4,52995 - 98218 - 35980 - 25814 - 36392 - 52846
2024-06-29,MN,Cà Mau,5,10714 - 83746 - 85596
2024-06-29,MN,Cà Mau,6,48876 - 03798 - 99889
2024-06-29,MN,Cà Mau,7,81150 - 12775 - 46871 - 36305
2024-06-29,MN,Cà Mau,8,07063
2024-06-30,MB,Hà Nội,ĐB,09681
2024-06-30,MB,Hà Nội,1,08750
2024-06-30,MB,Hà Nội,2,69841
2024-06-30,MB,Hà Nội,3,27092 - 63797 - 46169 - 24790 - 92396 - 05667
2024-06-30,MB,Hà Nội,4,50373 - 93377 - 63206 - 70475 - 87247 - 10237
2024-06-30,MB,Hà Nội,5,95818 - 40772 - 84177
2024-06-30,MB,Hà Nội,6,83425 - 64823 - 84293
2024-06-30,MB,Hà Nội,7,87252 - 71522 - 30172 - 46894
2024-06-30,MT,Đà Nẵng,ĐB,14962
2024-06-30,MT,Đà Nẵng,1,44034
2024-06-30,MT,Đà Nẵng,2,49839
2024-06-30,MT,Đà Nẵng,3,65361 - 00169 - 25855 - 85982 - 41703 - 98229
2024-06-30,MT,Đà Nẵng,4,75840 - 48224 - 49123 - 97094 - 10554 - 25744
2024-06-30,MT,Đà Nẵng,5,80270 - 79129 - 69603
2024-06-30,MT,Đà Nẵng,6,39131 - 40669 - 51675
2024-06-30,MT,Đà Nẵng,7,92215 - 34252 - 47409 - 06151
2024-06-30,MT,Đà Nẵng,8,10336
2024-06-30,MT,Khánh Hòa,ĐB,84954
2024-06-30,MT,Khánh Hòa,1,19530
2024-06-30,MT,Khánh Hòa,2,41402
2024-06-30,MT,Khánh Hòa,3,03522 - 50131 - 35545 - 81278 - 20865 - 77924
2024-06-30,MT,Khánh Hòa,4,68043 - 74923 - 73938 - 00354 - 35039 - 92669
2024-06-30,MT,Khánh Hòa,5,48313 - 56475 - 67028
2024-06-30,MT,Khánh Hòa,6,20981 - 98256 - 12992
2024-06-30,MT,Khánh Hòa,7,44307 - 01765 - 95798 - 32323
2024-06-30,MT,Khánh Hòa,8,78802
2024-06-30,MN,TP. HCM,ĐB,39564
2024-06-30,MN,TP. HCM,1,52151
2024-06-30,MN,TP. HCM,2,20756
2024-06-30,MN,TP. HCM,3,65670 - 20105 - 30262 - 86163 - 69516 - 31541
2024-06-30,MN,TP. HCM,4,83806 - 91685 - 37150 - 92076 - 25294 - 35733
2024-06-30,MN,TP. HCM,5,81381 - 96762 - 25991
2024-06-30,MN,TP. HCM,6,60186 - 68662 - 23360
2024-06-30,MN,TP. HCM,7,20632 - 36656 - 74086 - 71930
2024-06-30,MN,TP. HCM,8,19200
2024-06-30,MN,Đồng Tháp,ĐB,50914
2024-06-30,MN,Đồng Tháp,1,98680
2024-06-30,MN,Đồng Tháp,2,74378
2024-06-30,MN,Đồng Tháp,3,85406 - 92961 - 63642 - 92506 - 77519 - 76365
2024-06-30,MN,Đồng Tháp,4,90683 - 81528 - 99312 - 60793 - 37741 - 17456
2024-06-30,MN,Đồng Tháp,5,95865 - 55377 - 69254
2024-06-30,MN,Đồng Tháp,6,57608 - 47576 - 16711
2024-06-30,MN,Đồng Tháp,7,09576 - 81805 - 06730 - 12289
2024-06-30,MN,Đồng Tháp,8,51648
2024-06-30,MN,Cà Mau,ĐB,93034
2024-06-30,MN,Cà Mau,1,02152
2024-06-30,MN,Cà Mau,2,45100
2024-06-30,MN,Cà Mau,3,62534 - 10968 - 99030 - 01394 - 47467 - 35849
2024-06-30,MN,Cà Mau,4,33328 - 89336 - 27809 - 81783 - 72242 - 59700
2024-06-30,MN,Cà Mau,5,33435 - 93453 - 06690
2024-06-30,MN,Cà Mau,6,89050 - 56328 - 93159
2024-06-30,MN,Cà Mau,7,25455 - 33040 - 56160 - 07824
2024-06-30,MN,Cà Mau,8,19248
